,id,content
0,5671,053579899502022916금온라인으로진행된이용교육입니다계정생성부터문헌수집인용삽입및참문헌목록생성을포하였으며교육시간약1시간입니다
1,5665,20025683164359694785325763692230592976854320027723536447236649535925337685432006949343421862843709253376854420089663554706971428912925337685442002698162445896355084119253376854420037063680404648874292533768543200
2,5664,도서관노트북사용공간안내0727684769253257053768543731458600451843860150051768543
3,5663,1608520과제도서안내19과제도서는27139이해와소통세미나39이소세도서로도서관2712층대출카운터에별도로비치하있습니다청구기호가3927139로시작합니다2714박5일간관외대출할수있으며271연장불가합니다파일을첨부하오니참하시기랍니다감사합니다
4,5660,2002589251640685654694768543
5,5657,0도서관모일앱서버이관작업이완료됨에따라다음과같이도서관서비스가정상가동됨을안내드립니다00001작업명0모일앱서버이관작업완료0002정상가동일시0202298목016시부터0003정상가동서비스0가0모일앱0나0도서관출입게이트0정문출입0열람실0플랭크00다0좌석발권기0제1열람실0플랭크00라0무인대출기0마0도서대출0모일학생증사용가능0005문의0도서관00290182951010347
6,5655,누리미디어의연구자지원사업아카루트에서다음과같이젊연구자들을위논문투료지원사업을진행합니다관심있는분들아래포스터를확인해주세요1984714263888632995998520
7,5654,0도서관모일앱서버이관작업에따라아래와같이도서관내서비스일부가일시중지될예정이오니00이용자여러분의많양해랍니다00001작업명0모일앱서버이관작업0002작업기간0202298목0912월0090024000003이용중지서비스0해당작업시간동안다음과같서비스가중지됩니다00가0모일앱서비스0모일학생증사용불가0나0도서관출입게이트0정문출입0열람실0플랭크0임시개방예정0다0좌석발권기0열람실0플랭크0좌석자율선택0라0무인대출기사용불가0마0도서대출0학생증확인후대출가능0학생증이없는경우신분증확인예정000신분증소지자인경우학번과연결된생년월일0신분증실물대조후대출예정0004기타0작업사정에따라서비스중지시간변동될수있습니다00005문의0도서관00290182951010862105586
8,5651,20추석연휴휴관안내18추석연휴는법정대체공휴일이므로도서관규정제17조에의거도서관전관휴관하오니이용에참하시기랍니다181휴관일2022년9월9일금9월12일월182제1자유열람실정상개관합니다18202282918도서관장
9,5647,056180624245348058328930500083094603497521256922605005000000000250000002550804121931415101415100000002550000002550000000250일자0000002550775821931415101415100000002550000000250000000250구분00000025501766321931415101415100000002550000000250000002550교육신청000000002580412131141510141510000000255000000255000000025000906화0000000025775821311415101415100000002550000000250000000250일반교육0000000251766321311415101415100000002550000000250000002550362036200000002580412131141510141510000000025000000255000000025000907수0000000025775821311415101415100000000250000000250000000250일반교육0000000251766321311415101415100000000250000000250000002550362032300000002580412131141510141510000000025000000255000000025000914수0000000025775821311415101415100000000250000000250000000250일반교육0000000251766321311415101415100000000250000000250000002550390390000000258041213114151014151000000002500000025500000002500000009160000금000000000000257758213114151014151000000002500000002500000002500000심화교육000000025176632131141510141510000000025000000025000000255030000003000000002580412131141510141510000000025000000255000000025000919월0000000025775821311415101415100000000250000000250000000250일반교육00000002517663213114151014151000000002500000002500000025503003000000002580412131141510141510000000025000000255000000025000920화0000000025775821311415101415100000000250000000250000000250일반교육00000002517663213114151014151000000002500000002500000025503003000000002580412131141510141510000000025000000255000000025000921수0000000025775821311415101415100000000250000000250000000250일반교육0000000251766321311415101415100000000250000000250000002550340340000000258041213114151014151000000002500000025500000002500000009230000금000000000000257758213114151014151000000002500000002500000002500000심화교육000000025176632131141510141510000000025000000025000000255038000003800000002580412131141510141510000000025000000255000000025000927화0000000025775821311415101415100000000250000000250000000250일반교육000000025176632131141510141510000000025000000025000000255030300000025580412131141510141510000000025000000255000000025000928수0000000255775821311415101415100000000250000000250000000250일반교육0000002551766321311415101415100000000250000000250000002550303일반교육과심화교육의회차별콘텐츠는동일합니다1035680
10,5646,2022제5회도서관북트레일러특강키네마스터앱을활용북트레일러영상제작실습도서관에서는북트레일러의전반적인제작과정을소개하창작물제작에필요실전로드맵을제시하자특강을개최합니다지난1학기에시행특강내용을으로직접영상을제작해볼수있도록실습에점을둔특강시간을마련했으니재학생여러분의많관심과참여랍니다18677463037619102203419839915431주제키네마스터앱을활용북트레일러영상제작실습2내용북트레일러제작에필요실전로드맵제시본특강실습시간위주로마련된강좌로강의자료및스토리보드등참자료를신청자이메일을통해사전에배부합니다916금920화2회에거쳐배부할예정이며신청현황및수요에따라사전배부가능합니다자유선택사항특강신청자는북트레일러영상으로제작해보자하는도서를선택하여독서하독후내용을스토리보드등으로정리하여특강에지참합니다사전에작성해온독후내용또는스토리보드등을토대로직접북트레일러영상을제작하영상제작의기를다질수있습니다필수사항키네마스터앱이설치된단말기또는태블릿등을지참해야태블릿대여희망자는029018299로사전문의랍니다플랭크보유태블릿는총8대이며현장참여자에하여선착순대여가능3강사강주희북트레일러제작전문강사4신청기간9월5일월9월20일화오전9시까지5특강일시2022년9월21일수170019002시간6진행방식오스카라운지특강실시간송출을통온오프라인동시진행현장참여를희망하시면현장참여오스카라운지신청을비대면참여를희망하시면온라인신청을해주시기랍니다7대상본교학부생휴학생참여불가8모집인원온라인200명현장참여30명9참여혜택마일리지1점및전공선택활동점수50점대면특강안내현장참여오스카라운지강의시작20분전부터출석체크강의를처음부터끝까지수강해야출석이인정되어이수처리됩니다주의10분이상지각또는강의도중퇴실시출석이인정되지않습니다비대면특강안내온라인강의시작30분전부터접속가능출석체크신청시정확이름과학번학과로등록해야출석이확인됩니다강의진행강의진행중시스템상오류발생시로재접속하여강의를끝까지수강해야출석인정및마일리지지급프로그램시작30분전에접속을안내할예정입니다10분이상늦게접속하거나강의도중접속상태가20분이상끊겨수강시간이미달될경우출석이인정되지않습니다프로그램만족도설문조사안내특강종료후반드시만족도조사에참여해야하며참여후운영자의이수처리결과에따라이수증마일리지전공선택활동점수를발급받을수있습니다프로그램설문조사마감후에는설문에참여할수없으며이수증마일리지전공선택관련비교과활동점수가지급되지않습니다연계프로그램안내제5회도서관북트레일러창작공모창작공모신청접수10월31일오전9시까지본북트레일러특강제5회도서관북트레일러창작공모참여를독려하자마련된연계프로그램입니다특강을통해학습하신내용을으로공모에적극참여하시길추천드립니다재학생여러분의많관심과참여랍니다제5회도서관북트레일러창작공모비교과프로그램로가기637637추가실습교육안내미디어랩이용자교육실습교육에대수요가있어미디어랩이용자교육을안내합니다도서관플랭크미디어랩에서95월부터매주월요일이용자교육을실시합니다플랭크미디어랩장비를체험해보어도비프로그램의기를학습할수있으니재학생여러분의많관심과참여랍니다단교육일정이변경될수있습니다자세내용도서관홈페이지이용교육신청을참하시기랍니다95월사진영상기촬영장비사용법916금스튜디오활용조명기법기912월공휴일휴관으로금요일로대체시행919월사진편집기포토샵926월영상편집기프리미어프로이용교육신청로가기문의도서관029018299
11,5645,413781059474218588085768352안녕하세요도서관입니다인문사회계열대학원생을대상으로논문작성법및논문통계특강을진행하오니관심있는분들의많참여랍니다
12,5644,01200654008582458575828448274357010012001교육내용0120가0이용방법0도서관학술0소개0이용방법00120나0리포트완전정복0도서관학술정보활용법과연계0리포트작성법0120012002신청방법0131613160012003교육일정0400000000250000002260804121931415101415100000002260000002260000000250일자0000002260775821931415101415100000002260000000250000000250시간00000022601766321931415101415100000002260000000250000002260교육명00000002580412193141510141510000000226000000226000000025009월014일0000000257758219314151014151000000022600000002500000002500160000000002517663219314151014151000000022600000002500000022600레포트완전정복00000002580412193141510141510000000025000000226000000025009월020일0000000257758219314151014151000000002500000002500000002500110000000002517663219314151014151000000002500000002500000022600활용자기소개서작성법00000002580412193141510141510000000025000000226000000025009월023일0000000257758219314151014151000000002500000002500000002500140000000002517663219314151014151000000002500000002500000022600이용방법00000022680412193141510141510000000025000000226000000025009월029일0000002267758219314151014151000000002500000002500000002500150000000022617663219314151014151000000002500000002500000022600이용방법1024795012004012001028300
13,5641,072627399546031735179776876800200240제20024002200240자유열람실리모델링기간중도서관운영안내01200110제11002110자유열람실리모델링과관련하여11002022110학년11002110학기도서관자료실및열람실운영시간을다음과같이안내하오니이용에참하여주시기랍니다11000110011001110기간1100202291110목1100110리모델링완료시까지11002022930110예정1100011002110대상및개관시간0000000282000000028111341329641415101415100000000280000000280000000280120층20000000281111445129641415101415100000000280000000280000000280120실명20000000281111586514821415101415100000000280000000280000000280120학기중20000000281111445114821415101415100000000280000000280000000280120방학중000000028111793214821415101415100000000280000000280000000280120평일000000028111793314821415101415100000000280000000280000000280120토요일000000028111722514821415101415100000000280000000280000000280120평일000000028111722614821415101415100000000280000000280000000280120토요일00000002800034132331141510141510000000028000000028000000028012001120층0000000281445123311415101415100000000280000000280000000280120일반도서실300000002879326993141510141510000000028000000028000000028012009120시120021120시300000002879336993141510141510000000028000000028000000028012009120시120013120시6000000028722513986141510141510000000028000000028000000028012009120시120017120시60000000287226139861415101415100000000280000000280000000280120휴관300000002800034136993141510141510000000028000000028000000028012002120층0000000281445123311415101415100000000280000000280000000280120대출카운터0000000281445123311415101415100000000280000000280000000280120멀티미디어실0000000281445123311415101415100000000280000000280000000280120000000002879322331141510141510000000028000000028000000028012009120시120019120시3000000028793369931415101415100000000280000000280000000280120휴관300000002800034136710141510141510000000028000000028000000028012003120층0000000281445123311415101415100000000280000000280000000280120참도서실200000002879324662141510141510000000028000000028000000028012009120시120021120시0000000281445123311415101415100000000280000000280000000280120정기간행물실0000000281445120481415101415100000000280000000280000000280120제12001120자유열람실1200120휴게실40000000283031620481415101415100000000280000000280000000280120연중무휴120060023006000000028481801164814151014151000000002800000002800000002801200120024120시간열람실1200120노트북존12003120층스터디룸0120제12002120자유열람실1200120노트북실포1200120리모델링공사중안전을위하여임시휴관01200120공사기간중제12001120자유열람실운영계획12000120011120노트북이용공간012002124120시간이용가능012003120출입구안내1200120인사대쪽1200120카페말로옆대학원출입구이용120001100110대출1100110반납및퓨터이용마감1100110폐관110030110분전01100110토1100110일1100110법정공휴일휴관1100110연중무휴시설정상운영110001100110안전사예방을위해공사기간중도서관중정및플랭크후문을통11003110층열람실출입이통제되므로열람실이용시유의하여주시기랍니다1100011003110제11001110자유열람실이용안내01100110인사대앞카페말로옆출입구11002110층1100110이용01100110모일학생증을이용하여열람실에비치된좌석발권기로좌석발권후이용011004110제11002110열람실1100110노트북실리모델링공사는11009110월말완료예정이며1100110이후도서관개관시간재공지예정011005110기타0110가1100110도서관출입시소독티슈와손소독제사용1100110마스크착용요망0110나1100110발열또는호흡기증상1100110기침1100110가래1100110코막힘등1100110시도서관출입자제01100110020229101100110도서관장10373581037358
14,5640,안녕하세요덕성여대도서관입니다도서관홈페이지39컨텐츠통합검색39을이용원문접근이다음과같사유로일시적으로불가으로이용자여러분의많양해랍니다1대상도서관홈페이지39컨텐츠통합검색39을통원문접근2사유도서관네트워크절체작업으로인오류3복구시까지원문이용방법39컨텐츠3939구독목록3939해당접속394문의도서관029018097최대빠른시간내로복구될수있도록최선을다하겠습니다다소불편하시더라도너그러운양해를부탁드립니다감사합니다
15,5639,도서관네트워크절체작업으로인하여아래와같이도서관내모든온라인서비스가일시중지될예정이오니이용자여러분의많양해랍니다1작업명네트워크절체작업및장비교체2작업기간2022831수090018003이용중지서비스해당작업시간동안다음과같서비스가중지됩니다가도서관홈페이지접속불가나온라인서비스전자책및강좌등다대출불가반납무인반납이용가능4기타작업사정에따라서비스중지시간변동될수있습니다5문의도서관029018295
16,5638,834759281624422359989186712215432022제5회도서관북트레일러창작공모공모명2022년제5회도서관북트레일러창작공모선정주제도서영화원작도서10종중택11레미제라블빅토르위서교출판사2상견니지엔치펑리플레이3앵무새죽이기하퍼리열린책들4웃는남자빅토르위더스토리5위대개츠비스콧피츠제럴드민음사6자산어보오세영문예춘추사7죽시인의사회클라인서교출판사8채식주의자강창비9파이이야기얀마텔작가정신10헝거게임수잔콜린스북폴리오접수기간39220829월1031월오전900까지참가대상본교학부생휴학생참여불가참가형식개인또는3인이내로구성된팀접수방법신청로가기637비교과통합관리시스템을통해신청접수신청접수시제출파일총3개업로드후신청1작품영상파일2참가신청서참가신청서파일참가신청서1부저작물이용허락동의서2부작품리서약서2부개인정보수집이용허락동의서1부등총6개의문서를포하있습니다각각의페이지에내용을기입하신뒤동의에표시해주시서명후스캔촬영파일또는전자서명을삽입파일을참가신청시업로드해주시기랍니다3크레딧목록문서파일도서서지사항사용폰트이미지및영상저작권및출처기입주의사항문서서식프로그램하단의세부내용에첨부된파일을다운받아사용하시기라며내용기입이완료된파일을비교과통합관리시스템프로그램신청시업로드해주시기랍니다작품영상파일규격파일명성명학번작품명러닝타임예김덕성2022000제목34파일형식4권장코덱264권장해상도1280720720또는192010801080길이러닝타임3분이내작품필수기재사항영상시작부분2022제5회덕성여자대학교도서관북트레일러창작공모책표제영상마지막부분도서서지사항표제저자출판사출판연도및책표지영상내사용소스폰트이미지영상음악등저작권및출처기재영상저작권자명시참가자가직접제작하지않영상내모든삽입자료에대출처를명시해야심사기준창의성25이해성25표현성25홍보성25심사발표20221114월시상식별도공지예정수상작시상식후도서관홈페이지유투브페이스북인스타그램에게시됩니다시상내용총장명의상장및상금대상1명70만원최우수상2명각30만원우수상3명각10만원수상작품수는작품수준과응모현황에따라변경가감가능대상및최우수상수상작서동도협제3회상호협력프로그램북트레일러공모전에자동출품됩니다39서동도협39서울동북부사립대학교도서관협의회로서회원교전체학생들을대상으로상호협력프로그램을운영해왔으며금번프로그램으로북트레일러공모전을개최합니다덕성여자대학교도서관본공모의수상작3편과전체참가자목록을협의회에전달하여학생들에게추가수상과경품추첨의기회를제공하대학간의교류를께도모하자합니다자세내용별도첨부서동도협주최북트레일러공모전포스터내용을참하시기랍니다참여혜택참여자전원에마일리지3점및전공선택활동점수50점지급전체참여자목록서동도협북트레일러공모전주최측에전달되어경품추첨의기회가주어집니다유의사항제출파일이누락되었거나제시된작품규격에맞지않는파일을제출했을경우심사및이수처리대상에서제외됩니다신청서제출전형식과내용이올른지확인랍니다공모참여신청전후반드시사전설문조사와만족도조사에참여해야이수증마일리지전공선택관련비교과활동점수를발급받을수있습니다프로그램설문조사마감후에는설문에참여할수없으며이수증마일리지전공선택관련비교과활동점수가지급되지않습니다저작권법과상권을위배하여발생하는모든민형사상의책임참가자본인에게있습니다타인의아이디어를모방표절도용하는등부정행위적발시수상취소및상금회수조치됩니다북트레일러창작공모연계프로그램안내제5회북트레일러창작공모와연계시행되는프로그램을안내합니다도서관에서시행하는북트레일러특강과플랭크미디어랩이용자교육에도많관심과참여부탁드립니다1서동도협제3회상호협력프로그램북트레일러공모전참여대상및최우수상수상자에게는추가수상의기회가부여됩니다수상자를제외참가자전원에게서동도협주최북트레일러공모전의경품추첨의기회가제공됩니다서동도협제3회상호협력프로그램북트레일러공모전시상내역시상대상500000원및상장1팀최우수상300000원및상장2팀우수상200000원및상장3팀장려상50000원및상장27팀경품추첨총65명에어팟프로1대1명갤럭시버즈21대1명갤럭시홈미니1대1명무선보조배터리1대2명문화상품권1만원20명커피쿠폰1만원20명배달앱상품권1만원10명드럭스토어상품권1만원10명2제5회도서관북트레일러특강9월21일수키네마스터를활용북트레일러영상제작실습특강이도서관오스카라운지에서시행됩니다위특강별도비교과프로그램으로운영되오니많관심과참여랍니다3미디어랩이용자교육도서관플랭크미디어랩에서95월부터매주월요일이용자교육을실시합니다이용교육신청로가기이용자교육일정95월사진영상기촬영장비사용법916금스튜디오활용조명기법기912월공휴일휴관으로금요일로대체시행919월사진편집기포토샵926월영상편집기프리미어프로문의덕성여자대학교도서관플랭크029018299216216
17,5634,0120도서관열람과계약직채용을위하여다음과같이공합니다12000012001120채용분야및지원자격0120가1200120채용분야1200120열람과정기간행물실0120나1200120인원1200120계약직원12001120명0120다1200120지원자격01200120문헌정보학전공자로12002120급정사서자격증소지자01200120정기간행물실업무유경험자1200120우대120001200120글1200120엑셀등퓨터활용사무업무가능자0120012002120기본사항01200120국가보훈대상자및장애인등록대상자는관련법에의거우대01200120사립학교교직원임용에결격사유가없는자0120012003120계약기간1200120채용일로부터12001120년0120012004120전형방법120012001120차서류심사120012002120차면접심사1200120면접대상자개별통보12000120012005120제출서류0120가1200120이력서1200120자기소개서및개인정보이용수집동의서1200120필수12000120나1200120학부및최종학교졸업1200120예정1200120증명서1200120성적증명서1200120각12001120부1200120필수12000120다1200120사서자격증사본12001120부1200120필수12000120라1200120경력1200120재직1200120증명서12001120부1200120해당자12000120012006120접수기간및접수처0120가1200120접수기간120020220824120수1200831120수12001700120까지0120나1200120접수방법1200120이메일접수120000001200000012000120메일제목에120000001200000정기간행물실계약직지원12000000120명기0120다1200120면접일시1200120면접대상자개별통보0120012007120지원자유의사항0120가1200120근무기간채용일로부터12001120년0120나1200120근무시간및급여는본대학규정에따름0120다1200120적격자가없을경우선발하지않을수있음0120라1200120지원서및제출된서류가사실과다를경우임용이취소될수있음0120마1200120임용후라도지원자격에미달되는사실이발견되는경우임용이취소될수있음0120012008120채용서류반환에대지0120가12001200120채용절차의공정화에관법률1200120제120011120조1200120채용서류의반환등1200120에따라합격자를제외응시자는기제출채용서류에대해반환청구를할수있습니다1200012001120다만1200120동법제12007120조1200120전자우편등을통채용서류의접수1200120제12001120항에따라1200120전자우편1200120채용홈페이지로제출된서류나1200120응시자가덕성여자대학교의제출요구없이자발적으로제출경우에는반환하지않습니다1200012002120채용서류반환청구를하려는응시자는1200120채용절차의공정화에관법률시행규칙1200120제12003120조1200120채용서류의반환청구방법1200120에따라1200120별지제12003120호서식1200120의1200120채용서류반환청구서1200120를작성하여등기1200120일반우편접수불가1200120우편또는이메일1200120로제출하면1200120접수된날로부터120014120일이내에지정주소지로등기우편을통해발송해드립니다1200012003120최종합격자발표일로부터120014120일까지반환을청구하지아니할경우에는120010120주동안보관후1200120개인정보보호법1200120에따라지체없이채용서류일체를파기할예정입니다12000120012009120문의처1200120도서관열람과1200029018097
18,5633,20제32기도서관자율위원모집공도서관자유열람실의질서확립과쾌적면학분위기조성을위해2022학년도제32기도서관자율위원을다음과같이모집하자합니다1모집인원4명2임기202292023812개월3역할가자유열람실내질서유지를통면학분위기조성나이용자충사항의신속해결4특전학기당장학금300000원열람실전용석배정회의비지원등5선발방법자율위원지원신청서첨부파일참조내용을참로하여면접심사6모집기간20228월22일월8월31일수7지원자격본교재학생중23학년8신청접수도서관대출카운터로직접제출또는이메일로기간내송부9기타가문의사항029018095대출카운터로연락랍니다나위내용추후코로나19상황에따라변동될수있습니다2022816도서관장
19,5632,0교내네트워크절체작업으로인하여아래와같이도서관내모든온라인서비스가일시중지될예정이오니00이용자여러분의많양해랍니다00001작업명0네트워크절체작업및장비교체002작업기간02022824수009001800003이용중지서비스0해당작업시간동안다음과같서비스가중지됩니다00가0도서관홈페이지접속불가0나0온라인서비스0전자책및0강좌등00다0대출불가00반납무인반납이용가능0004기타0작업사정에따라서비스중지시간변동될수있습니다0005문의0도서관0029018295109785
20,5629,5142286604381610809747685432022제4회도서관북트레일러창작공모수상자를발표합니다수상자발표대상이화학과18최우수상김연문헌정보학전공21김선유아교육과20우수상이지글로벌융합대학22신연글로벌융합대학22김진경영학전공20시상내역총장명의상장및부상위수상작6편시상식이후도서관홈페이지및채널에공개됩니다수상을다시번축하드리며참여해주신모든분들감사합니다
21,5628,0120130666666덕성여대도서관모일학생증발급이용방법을안내해드립니다13006666660150666666모일학생증을통해도서관출입0666666666666이용0666666좌석이용666666휘트니스센터출입등이용하실수있으니0150666666아래의절차에따라이용하시기랍니다0666666012006666661666666스마트폰앱설치0666666666666앱스토어0666666666666플레이스토어이용066666639666666덕성여대모일학생증066666639666666검색후설치012006666662666666덕성여대도서관앱이설치된후로그인이용자본인의포털0666666666666로로그인후이용012006666663666666로그인실패시666666스마트폰도서관앱0666666666666또는0666666666666포털로그인0666666666666도서관홈페이지0666666666666개인정보관리메뉴666666에서0120666666비밀번호재설정을통해임시비밀번호를발급받후새로운비밀번호를현재사용중인666666포털비밀번호와동일하게변경필요012006666664666666비밀번호재설정절차방법첨부파일덕성여대도서관모일학생증발급이용안내서참012006666665666666덕성여대도서관모일학생증앱로그인이비밀번호재설정이후에도안되는경우도서관열람과06666669018295666666담당자0666666666666박소현0666666666666에게연락람1099891016035
22,5627,0120105555555도서관열람과일반도서실사무조교채용을위하여105555555다음과같이공합니다105055555505555551555555채용분야및인원00000002800000002800000002800000002800000002800000002824852820000000000000000000280000000280000000280구분00000002851792820000000000000000000280000000280000000280근무부서00000002871602820000000000000000000280000000280000000280담당업무00000002831082820000000000000000000280000000280000000280130모집인원000000028173602820000000000000000000280000000280000000280지원자격및우대사항00000002871732820000000000000000000280000000280000000280근무시간000000028248590240000000000000000000280000000280000000280사무조교000000028517990240000000000000000000280000000280000000280도서관열람과일반도서실000000028716090240000000000000000000280000000280000000280야간대출0반납및도서관폐관관리00000002831089024000000000000000000028000000028000000028001명00000002817360902400000000000000000002800000002800000002800본교졸업생및02022년08월졸업예정자0정사서02급자격증소지자0관련업무유경험자0우대00글0등퓨터활용가능자0000000287173902400000000000000000002800000002800000002800140021000하계방학중0110017001017929101792912005555552555555기본사항01200555555555555국가보훈대상자및장애인등록대상자는관련법에의거우대0555555555555사립학교교직원임용에결격사유가없는자05555553555555계약기간0555555555555채용일로부터05555551555555년05555554555555전형방법055555505555551555555차서류심사055555505555552555555차면접심사0555555555555면접대상자개별통보055555505555555555555제출서류555555가0555555555555이력서0555555555555자기소개서및개인정보이용수집동의서0555555555555필수0555555555555나0555555555555학부및최종학교졸업0555555555555예정0555555555555증명서0555555555555성적증명서0555555555555각05555551555555부0555555555555필수0555555555555다0555555555555사서자격증사본05555551555555부0555555555555필수0555555555555라0555555555555경력0555555555555재직0555555555555증명서05555551555555부0555555555555해당자055555505555556555555접수기간및접수처555555가0555555555555접수기간055555520220818555555목05555551500831555555수05555551700555555까지555555나0555555555555접수방법0555555555555이메일접수0555555555555다0555555555555면접일시0555555555555면접대상자개별통보05555557555555지원자유의사항555555가0555555555555근무기간채용일로부터05555551555555년555555나0555555555555근무시간및급여는본대학규정에따름555555다0555555555555적격자가없을경우선발하지않을수있음555555라0555555555555지원서및제출된서류가사실과다를경우임용이취소될수있음555555마0555555555555임용후라도지원자격에미달되는사실이발견되는경우임용이취소될수있음05555558555555채용서류반환에대지555555가05555550555555555555채용절차의공정화에관법률0555555555555제055555511555555조0555555555555채용서류의반환등0555555555555에따라합격자를제외응시자는기제출채용서류에대해반환청구를할수있습니다055555505555551555555다만0555555555555동법제05555557555555조0555555555555전자우편등을통채용서류의접수0555555555555제05555551555555항에따라0555555555555전자우편0555555555555채용홈페이지로제출된서류나0555555555555응시자가덕성여자대학교의제출요구없이자발적으로제출경우에는반환하지않습니다055555505555552555555채용서류반환청구를하려는응시자는0555555555555채용절차의공정화에관법률시행규칙0555555555555제05555553555555조0555555555555채용서류의반환청구방법0555555555555에따라0555555555555별지제05555553555555호서식0555555555555의0555555555555채용서류반환청구서0555555555555를작성하여등기0555555555555일반우편접수불가0555555555555우편또는이메일0555555555555로제출하면0555555555555접수된날로부터055555514555555일이내에지정주소지로등기우편을통해발송해드립니다055555505555553555555최종합격자발표일로부터055555514555555일까지반환을청구하지아니할경우에는055555510555555주동안보관후0555555555555개인정보보호법0555555555555에따라지체없이채용서류일체를파기할예정입니다055555505555559555555문의처0555555555555도서관열람과05555550290180961027090
23,5626,도서관에서는아래와같이제2자유열람실의리모델링공사가진행되있습니다1공사예정기간20228220229월말2공사위치도서관3층제2자유열람실및노트북실공사기간중발생하는소음으로인해플랭크오스카라운지스마트스터디룸이용에불편이예상됩니다플랭크시설내크리에이터스룸과크로마키스튜디오에서녹음녹화작업진행시소음으로인문제가발생할수있으니이용에참하시길랍니다많양해부탁드립니다문의플랭크029018299
24,5625,도서관서버의안정적인운영을위자가발전기수리를위해다음과같이온라인서비스가일시중지될예정이오니이용자여러분의많양해랍니다1작업명도서관서버실자가발전기수리작업2작업기간2022813토080016003이용중지서비스해당작업시간동안다음과같서비스가중지됩니다가도서관홈페이지접속불가나온라인서비스전자책및강좌등4기타작업사정에따라서비스중지시간변동될수있습니다5문의도서관029018295202289도서관장
25,5624,022광복절휴관안내01808월015일0월0광복절법정공휴일이므로도서관규정제020조에의거도서관전관휴관하오니이용에참하시기랍니다001801801일시02022815월001802대상0도서관전관0열람실포00180180전기설비법정검사및냉난방환경개선전기공사로인본교캠퍼스전체정전예에따라열람실을포도서관전관휴관0180180202285018018도서관장1013688
26,5623,덕성포털통합정보시스템장비교체작업으로인하여도서관내모든온라인서비스가일시중지될예정이오니이용자여러분의많양해랍니다1작업명덕성포털통합정보시스템네트워크장비4교체작업2작업기간202286토100012003이용중지서비스해당작업시간동안다음과같서비스가중지됩니다가도서관홈페이지접속불가나온라인서비스전자책및강좌등4기타작업사정에따라서비스중지시간변동될수있습니다5문의도서관029018295
27,5621,0130제13002130자유열람실리모델링공사에따른일부공간통제및소음발생안내000도서관대학혁신지원사업의일환으로제02자유열람실의리모델링공사를시행하자합니다000아래와같이일부공간에대통제와공사에따른소음으로이용시불편이예상되오니양해부탁드리며0주변통과시안전에유의하여주시기랍니다000001000000공사예정기간000000020228220229000000월말0111834011183402공사위치0도서관03층제02자유열람실및노트북실011183409571303공사내용0카페형자기주도학습공간조성0집중및개방형학습공간0협업공간0개인작업및휴게공간등00004공사기간중열람실운영안내0가0제2자유열람실노트북실포24시간열람실및노트북존폐쇄046346나0공사기간중제01자유열람실운영계획046346011노트북이용공간04634602124시간이용가능04634603출입구안내0인사대쪽0카페말로옆대학원출입구이용004634607052405기타0안전사예방을위해공사기간중도서관중정및플랭크후문을통03층열람실출입이통제되므로열람실이용시유의하여주시기랍니다0070524006공사관련문의0도서관00290180970453380453380453380020228500도서관장10216951017181
28,5619,28도서관휴관안내2022도서관본교의그린캠퍼스에너지절감사업에따라아래와같이휴관하오니이용에참하시기랍니다221일시202281월83수183일간222대상도서관전관18열람실포20202271924도서관장
29,5617,9761269446678936515768545
30,5608,28도서관대청소안내20도서관정기대청소를아래와같이실시하며기간중공간에따라이용이다소제되오니많양해부탁드립니다201대청소기간20가도서관1층2022712화713수20나도서관2층2022714목20다도서관3층사무실2022719화20라도서관3층열람실2022720수721목0392202임시휴관039220가일시2022720수721목039220나대상도서관3층24시간열람실휴게실스마트스터디룸노트북존039220휴관기간중제1자유열람실을이용랍니다203자유열람실내개인물품비치는규정위반행위이며청소시분실또는오염우려가있으니대청소전자진수거랍니다202276도서관
31,5605,안녕하세요2022제4회도서관북트레일러창작공모를안내합니다많관심과참여랍니다414451333442191599757543공모명2022년제4회도서관북트레일러창작공모선정주제와리제안도서3권중택11나는인공지능을변호다메타버스를건너디지털대전환까지저자이상직출판사이다북스2는차별을인간에게서배운다인간과기술의공존을위해다시세우는정의저자학수출판사21세기북스3로봇의자리사람이아닌것들과께사는방법저자전치형출판사이음2363064780078775342543접수기간39220704월0804목오전900까지신청접수참가대상재학생학부생휴학생참여불가참가형식개인참가접수방법비교과통합관리시스템을통해신청접수신청접수시제출파일총5개업로드후신청문서서식프로그램세부내용하단첨부파일다운로드내용작성및서명업로드1작품영상파일2참가신청서3작품리서약서4저작물이용허락동의서5크레딧목록문서파일도서서지사항사용폰트이미지및영상저작권및출처기입작품규격파일명성명학번작품명러닝타임예김덕성2022000제목34파일형식4권장코덱264권장해상도1280720720또는192010801080길이러닝타임3분이내작품필수기재사항영상시작부분2022제4회덕성여자대학교도서관북트레일러창작공모책표제영상마지막부분도서서지사항표제저자출판사출판연도엔딩크레딧폰트이미지영상등저작권및출처기재영상저작권자명시심사기준도서이해도40점창의성독창성30점표현기술의완성도15점흥미유발15점심사발표20220818목시상식20220823화도서관오스카라운지수상작시상식후도서관홈페이지유투브페이스북인스타그램에게시됩니다시상내용총장명의상장및상금대상1명70만원최우수상2명각30만원우수상3명각10만원참여혜택참여자전원에마일리지3점및전공선택활동점수50점지급문의덕성여자대학교도서관029018299216
32,5604,010501105채용분야및인원00000025500000025542742382075075075075000000255000000255000000255011110구분00000025554842382075075075075000000255000000255011110근무부서00000025585482382000000000000000000255000000255011110주요업무00000025549492382000000000000000000255000000255011110모집인원000000255262152382000000000000000000255000000255011110지원자격및우대사항00000025542747695075075075075000000255000000255011110계약직00000025554847695075075075075000000255011110열람과11001참도서실00000025585487695000000000000000000255011110참도서및110전자정보관리1100110도서관홍보0000002554949769500000000000000000025501111001110명000000255262157695000000000000000000255011771100110문헌정보학전공자로11002110급정사서자격증소지자011771100110글1100110엑셀등퓨터활용사무업무가능자011771100110도서관업무경력11001110년이상1100110우대11000105010502105기본사항0105가1050105국가보훈대상자및장애인등록대상자는관련법에의거우대0105나1050105남자는병역필또는면제자0105다1050105사립학교교직원임용에결격사유가없는자0105010503105전형방법10501105차서류심사105010502105차면접심사1050105면접대상자개별통보10500105010504105제출서류0105가1050105이력서및자기소개서1050105자유양식1050105각10501105부0105나1050105학부및최종학교졸업1050105예정1050105증명서1050105성적증명서1050105각10501105부1050105필수1050105최종합격시원본제출10500105다1050105사서자격증사본10501105부0105라1050105경력1050105재직1050105증명서1050105해당자10501105부0105010505105접수기간및접수처0105가1050105접수기간105020220630105목10500900105채용시까지0105나1050105접수방법1050105이메일접수10500105다1050105면접일시1050105면접대상자개별통보0105010506105지원자유의사항0105가1050105계약기간채용일로부터10501105년0105나1050105근무시간및급여는본대학규정에따름0105다1050105적격자가없을경우선발하지않을수있음0105010507105채용서류반환에대지0105가10501050105채용절차의공정화에관법률1050105제105011105조1050105채용서류의반환등1050105에따라합격자를제외응시자는기제출채용서류에대해반환청구를할수있습니다1050010501105다만1050105동법제10507105조1050105전자우편등을통채용서류의접수1050105제10501105항에따라1050105전자우편1050105채용홈페이지로제출된서류나1050105응시자가덕성여자대학교의제출요구없이자발적으로제출경우에는반환하지않습니다1050010502105채용서류반환청구를하려는응시자는1050105채용절차의공정화에관법률시행규칙1050105제10503105조1050105채용서류의반환청구방법1050105에따라1050105별지제10503105호서식1050105의1050105채용서류반환청구서1050105를작성하여등기1050105일반우편접수불가1050105우편또는이메일1050105로제출하면1050105접수된날로부터105014105일이내에지정주소지로등기우편을통해발송해드립니다1050010503105최종합격자발표일로부터105014105일까지반환을청구하지아니할경우에는105010105주동안보관후1050105개인정보보호법1050105에따라지체없이채용서류일체를파기할예정입니다10500105010508105문의처0105도서관열람과10500290182951029833
33,5602,안녕하세요플랭크여름방학중이용자교육을안내합니다플랭크미디어랩과메이커스랩하계방학동안매주수요일11201300과목요일10001200정기교육을실시합니다도서관홈페이지정기교육현황에서희망교육을선택하신뒤자세일정및내용정원교육장소등을확인하시신청해주시기랍니다링크8719549437853979555435506570624825991856619543
34,5600,49788833604217729539994700
35,5599,61090754241008155826696535
36,5598,011952521436567102022년독서치료프로그램대학생의자기이해어떤나에대하여도서관에서는자신을더이해할필요가있는학생들을대상으로하여자신을이해하가치관을재정립할수있도록도울수있는독서치료프로그램을개최합니다본프로그램비교과통합관리시스템을통해신청가능합니다03926회모두참석가능학생을우선선발하6회중4회이상참석해야이수처리되니공지확인후신청랍니다1주제대학생의자기이해어떤나에대하여2내용604804324212817131341713117422165652205165321114211400회차650512811117111400세부목표650531311141711400선정자료650513111117411400관련활동44330654405330111114001650511111400마음열기660531311141711400시아닌것에린핸슨마음챙김의시수오서재수록도서민들레는민들레김장성오현경이야기꽃660513111117411400프로그램안내나드러내기66495656605495111114002650511111400인지탐색660531311141711400도서허튼생각브리타테켄트럽길벗어린이시생각의사이김광규우리를적시는마지막꿈문학과지성사수록660513111117411400생각의구조분석뇌구조채우기역기능적사찾기44330654405330111114003650511111400정서탐색660531311141711400도서마음먹기자헌차영경달그도서모자도시안토니오보난노어린이작가정신660513111117411400요리로표현내감정부정감정날려버리기44330654405330111114004650511111400행동탐색660531311141711400도서마법의가면스테판세르방일리아그린불광출판사애니660513111117411400나의페르소나점검행동양식점검44330654405330111114005650511111400약점과강점탐색660531311141711400애니먼지아이영상660513111117411400약점과강점탐색강점융합하기66495656605495111114006650511111400자기이해및수용하기660531311141711400시나는나버지니아스테어영혼을위닭기스프1푸른숲수록도서나의람톤텔레헨잉그리드든삐삐북스660513111117411400모방글쓰기나의람전하기참여소감나누기선정자료를미리읽어오실필요는없습니다추가도서목록추가도서목록에담긴책들을틈틈이읽는다면효과가몇배로늘어날것입니다3544713242161215831107810422165652205165321114211400순번650516111121511400제목65058311111011400저자65057811110411400출판사22165652205165111114001660511111400너는너로살있니660511111400김숨660511111400마음산책22165652205165111114002660511111400당신이반짝이던순간660511111400이진순660511111400문학동네22165652205165111114003660511111400글쓰기로나를찾다660511111400숭례문학당660511111400북이북22165652205165111114004660511111400관계수업660511111400데이비드번즈660511111400흐름출판22165652205165111114005660511111400없이외로운불안660511111400오동재660511111400행성22165652205165111114006660511111400마음속의그책660511111400이희경660511111400미래인22165652205165111114007660511111400사서를위마음약방660511111400임성관660511111400시간의물레22165652205165111114008660511111400나를사랑하게하는자존감660511111400이무석660511111400비전과리더십3강사임성관경기대학교교육대학원교수휴독서치료연구소문4일시1회628화123014302회75화123014303회712화123014304회719화123014305회726화123014306회85금123014300392본교의그린캠퍼스에너지절감사업에따라8월1일부터3일까지도서관을휴관하게되어6회차일정이85금으로변경되었습니다5장소도서관오스카라운지6대상학부생7모집인원15명관리자검토후참여자승인03926회모두참석가능자우선선발4회이상참석시이수처리8신청일시616화0000624금09009신청방법비교과통합관리시스템통해신청5525520392123456회모두선택검토후관리자승인강의안내참석확정자에게개별연락강의시작20분전부터출석체크가능강의를끝까지수강해야출석인정6회중4회이상참석해야마일리지지급및이수처리프로그램만족도설문조사안내수강종료후반드시만족도조사에참여해야하며참여후운영자의이수처리결과에따라이수증마일리지전공선택활동점수를발급받을수있습니다프로그램설문조사마감후에는설문에참여할수없으며이수증마일리지전공선택활동점수가지급되지않습니다신청문의도서관정기간행물실029018098
37,5597,424995964988557866680245768543
38,5596,056297451450517678475432022제4회도서관북트레일러특강북트레일러의이해와제작실습도서관에서는북트레일러의전반적인제작과정을소개하창작물제작에필요실전로드맵을제시하자특강을개최합니다전년도까지비대면으로진행되었으나금년도처음으로대면특강을동시에진행하며키네마스터앱을활용실습시간을추가하였습니다특강직후북트레일러창작공모가진행됩니다재학생여러분의많관심과참여랍니다1주제북트레일러의이해와제작실습2강사강주희북트레일러제작전문강사3신청6월2일목6월20일월18시00분까지비교과통합관리시스템4특강일시6월21일화170019002시간5진행방식오스카라운지특강실시간송출을통온오프라인동시진행6대상재학생학부생7모집인원온라인200명현장참여30명8참여혜택마일리지1점및전공선택활동점수50점
39,5595,010501105채용분야및인원00000025500000025542742382075075075075000000255000000255000000255011110구분00000025554842382075075075075000000255000000255011110근무부서00000025585482382000000000000000000255000000255011110주요업무00000025549492382000000000000000000255000000255011110모집인원000000255242342382000000000000000000255000000255011110지원자격및우대사항00000025542747695075075075075000000255000000255011110계약직00000025554847695075075075075000000255011110열람과11001참도서실00000025585487695000000000000000000255011110참도서및110전자정보관리1100110도서관홍보0000002554949769500000000000000000025501111001110명00000025524234769500000000000000000025501177110011010문헌정보학전공자로11010211010급정사서자격증소지자011771100110글1100110엑셀등퓨터활용사무업무가능자0117110도서관업무경력11001110년이상1100110우대11000105010502105기본사항0105가1050105국가보훈대상자및장애인등록대상자는관련법에의거우대0105나1050105남자는병역필또는면제자0105다1050105사립학교교직원임용에결격사유가없는자0105010503105전형방법10501105차서류심사105010502105차면접심사1050105면접대상자개별통보10500105010504105제출서류0105가1050105이력서및자기소개서1050105자유양식1050105각10501105부0105나1050105학부및최종학교졸업1050105예정1050105증명서1050105성적증명서1050105각10501105부1050105필수1050105최종합격시원본제출10500105다1050105사서자격증사본10501105부0105라1050105경력1050105재직1050105증명서1050105해당자10501105부0105010505105접수기간및접수처0105가1050105접수기간105020220607105화1050090020220619일10502400105까지01050105적격자선발시조기마감가능0105나1050105접수방법1050105이메일접수10500105다1050105면접일시1050105면접대상자개별통보0105010506105지원자유의사항0105가1050105계약기간채용일로부터10501105년0105나1050105근무시간및급여는본대학규정에따름0105다1050105적격자가없을경우선발하지않을수있음0105010507105채용서류반환에대지0105가10501050105채용절차의공정화에관법률1050105제105011105조1050105채용서류의반환등1050105에따라합격자를제외응시자는기제출채용서류에대해반환청구를할수있습니다1050010501105다만1050105동법제10507105조1050105전자우편등을통채용서류의접수1050105제10501105항에따라1050105전자우편1050105채용홈페이지로제출된서류나1050105응시자가덕성여자대학교의제출요구없이자발적으로제출경우에는반환하지않습니다1050010502105채용서류반환청구를하려는응시자는1050105채용절차의공정화에관법률시행규칙1050105제10503105조1050105채용서류의반환청구방법1050105에따라1050105별지제10503105호서식1050105의1050105채용서류반환청구서1050105를작성하여등기1050105일반우편접수불가1050105우편또는이메일1050105로제출하면1050105접수된날로부터105014105일이내에지정주소지로등기우편을통해발송해드립니다1050010503105최종합격자발표일로부터105014105일까지반환을청구하지아니할경우에는105010105주동안보관후1050105개인정보보호법1050105에따라지체없이채용서류일체를파기할예정입니다10500105010508105문의처0105도서관열람과105002901829501033120
40,5588,05138324000000체기말사기간열람실이용안내10670505138316체기말사기간동안자유열람실을아래와같이연장운영하오니많이용라며체016체이용규칙준수에도적극협조하여주시기랍니다체00513831605138316체01체자유열람실체024체시간개방05138316체가체0체기간체0체0202268체수체020체월체005138316체나체0체대상체0체제체01체자유열람실체024체시간열람실체0체휴게실0513831605138316체02체코로나체019체방역관련유의사항05138316체가체0체도서관건물내에서반드시마스크를착용하여주시기랍니다체005138316체나체0체열람실입구에알콜소독티슈로본인좌석주변을닦후이용합니다체005138316체다체030체이상손씻기를생활화하출입시비치된손소독제를이용합니다체005138316체라체0체열람실내음식및음료섭취는금지합니다체005138316체마체0체열이나거나호흡기증상체0체기침체0체가래체0체코막힘등체0체이있으면도서관출입을자제합니다체00513831605138316체03체시험기간자유열람실이용시유의사항05138316체가체0체시험기간중모든좌석이체01체회체04체시간체05체회연장가능체0체으로변경됩니다체005138316체나체0체다음이용자를위하여퇴실시반드시자리배석을체039체반납체039체랍니다체005138316체다체0체시험기간중분실사가많이발생하오니체0체개인소지품관리에각별히주의하시기랍니다체005138316체라체0000000체휴학생000000체0000000체졸업생및타기관이용자000000체는해당기간동안열람실사용이000000체불가합니다체005138316체마체0체안전을위하여도서관자율위원이수시로순회할예정이며규칙을미준수시퇴실조치할수있습니다체00513831605138316체04체기타체0체기말사기간중열람실출입동선05138316체가체0체평일05138316체0109체시체021체시체0체도서관개관시간체0체도서관정문체0체카페말로옆대학원출입구05138316체02000000체021000000체시이후000000체0000000체도서관폐관시간체0체카페말로옆대학원출입구05138316체나체0체휴일체0체주말체0체공휴일체0체카페말로옆대학원출입구이용0513831605138316체0000000체카페말로옆대학원출입구체이용시철문000000체지문인식체으로만출입이가능하오니원활이용을위해000000체사전등록체해주시기랍니다체00513831605138316체020225260513831605138316체도서관장1020223
41,5587,200180609540833768912076853720018이벤트페이지
42,5585,24지방선거일및현충일휴관안내지방선거일61및현충일66법정공휴일이므로도서관규정제20조에의거도서관전관휴관하오니이용에참하시기랍니다201휴관일20가6월1일수지방선거일20나6월6일월현충일202제1자유열람실과24시간열람실정상개관합니다202252420도서관장
43,5582,206월온라인이용교육18국어교육일정181개인연구정보및참문헌서지관리도구를제공하는데이터베이스와께하는과제완성참문헌관리도구기이용교육1내용참문헌관리도구를활용하여학부생이상이용자의과제해결보서작성에필요기능과사용방법을안내2일시2022년6월2일목오전10시3신청330000122776731858584014448325340000000545172570238929245188637753010592519049이용교육신청하기연구자를위이용교육1내용참문헌관리도구를활용하여대학원생및연구자에게필요기능및사용방법학술지투및학위논문에서의사용사례를안내2일시2022년6월8일수오전10시3신청330000122776772426416628948325340000000545172570238929245188637753010592519049이용교육신청하기182전세계석박사학위논문을제공하는데이터베이스과께알아보는마블멀티버스평행이론글로벌석박사학위논문1내용마블멀티버스평행이론글로벌석박사학위논문소개및활용방법2일시2022년6월7일화오전10시3신청330000122776762658197169448325340000000545172570238929245188637753010592519049이용교육신청하기183학술지학위논문신문보서등다양학술자료제공하는데이터베이스세상별의별연구에서이그노벨상논문검색하기1내용이그노벨상논문검색하활용하는방법을소개2일시2022년6월8일수오후2시3신청330000122776778385264325748325340000000545172570238929245188637753010592519049이용교육신청하기184역사적으로가치있는연속간행물자료를제공하는데이터베이스극직업포니익스프레스와께알아보는역사이야기1내용산맥을넘나들며우편을배달했던조랑말들을를통해따라가보는역사이야기2일시2022년6월14일화오전10시3신청330000122776783068833877948325340000000545172570238929245188637753010592519049이용교육신청하기185전자책자료를제공하는데이터베이스을활용하여주제분야전문서적찾기1내용전주제분야의전자책을1차자료를조사하활용하는방법을소개2일시2022년6월15일수오후2시3신청330000122776786974359972448325340000000545172570238929245188637753010592519049이용교육신청하기18영어교육일정181교육형식2일시1510003신청330000122776798882513324948325340000000545172570238929245188637753010592519049이용교육신청하기
44,5581,0200368406891162042394222834088843560020022퀴즈링크03684080008000000368401084760108476
45,5580,0010501105채용분야및인원00000025500000025542741850075075075075000000255000000255000000255011110구분00000025554841850075075075075000000255000000255011110근무부서00000025585481850000000000000000000255000000255011110담당업무00000025549491850000000000000000000255000000255011110모집인원000000255236681850000000000000000000255000000255011110지원자격및우대사항000000255427413300075075075075000000255000000255011110계약직000000255548413300075075075075000000255011110열람과011110참011110도서실000000255854813300000000000000000000255011110참도서실담당0111100110참도서관리1100110이용교육1100110도서관행사110000000025549491330000000000000000000025501111001110명000000255236681330000000000000000000025501177110011010문헌정보학전공자로11010211010급정사서자격증소지자01177110011005이용교육담당경력및석사학위소지자1100511005우대11005011771100110글1100110엑셀등퓨터활용사무업무가능자0105105010502105기본사항0105가1050105국가보훈대상자및장애인등록대상자는관련법에의거우대0105나1050105남자는병역필또는면제자0105다1050105사립학교교직원임용에결격사유가없는자0105010503105전형방법10501105차서류심사105010502105차면접심사1050105면접대상자개별통보10500105010504105제출서류0105가1050105이력서및자기소개서1050105자유양식1050105각10501105부0105나1050105학부및최종학교졸업1050105예정1050105증명서1050105성적증명서1050105각10501105부1050105필수1050105최종합격시원본제출10500105다1050105사서자격증사본10501105부0105라1050105경력1050105재직1050105증명서1050105해당자10501105부0105010505105접수기간및접수처0105가1050105접수기간105020220517105화1050090020220523105월10502400105까지01050105적격자선발시조기마감가능0105나1050105접수방법1050105이메일접수10500105다1050105면접일시1050105면접대상자개별통보0105010506105지원자유의사항0105가1050105계약기간채용일로부터10501105년0105나1050105근무시간및급여는본대학규정에따름0105다1050105적격자가없을경우선발하지않을수있음0105라지원서및제출된서류가사실과다를경우임용을취소0105010507105채용서류반환에대지0105가10501050105채용절차의공정화에관법률1050105제105011105조1050105채용서류의반환등1050105에따라합격자를제외응시자는기제출채용서류에대해반환청구를할수있습니다1050010501105다만1050105동법제10507105조1050105전자우편등을통채용서류의접수1050105제10501105항에따라1050105전자우편1050105채용홈페이지로제출된서류나1050105응시자가덕성여자대학교의제출요구없이자발적으로제출경우에는반환하지않습니다1050010502105채용서류반환청구를하려는응시자는1050105채용절차의공정화에관법률시행규칙1050105제10503105조1050105채용서류의반환청구방법1050105에따라1050105별지제10503105호서식1050105의1050105채용서류반환청구서1050105를작성하여등기1050105일반우편접수불가1050105우편또는이메일1050105로제출하면1050105접수된날로부터105014105일이내에지정주소지로등기우편을통해발송해드립니다1050010503105최종합격자발표일로부터105014105일까지반환을청구하지아니할경우에는105010105주동안보관후1050105개인정보보호법1050105에따라지체없이채용서류일체를파기할예정입니다10500105010508105문의처0105도서관열람과1050029018295010501036072
46,5578,59275572465094217687454365874585946981091527282543참가하신모든분들수많으셨습니다감사합니다
47,5576,2088711299432485438587685435644786640888802146117686071070034892421571507767685438658984018271829487
48,5575,2002626200265월퀴즈이벤트200197089864980049989128693865020020퀴즈링크163807549400209618744346984789982200200
49,5574,205월온라인이용자교육13362819832342185126127329911348383761202020543255861594921163791752233700
50,5571,899415465480933460232866600201이벤트페이지9494202
51,5570,010501105채용분야및인원00000025500000025542741850075075075075000000255000000255000000255011110구분00000025554841850075075075075000000255000000255011110근무부서00000025585481850000000000000000000255000000255011110담당업무00000025549491850000000000000000000255000000255011110모집인원000000255236681850000000000000000000255000000255011110지원자격및우대사항000000255427413300075075075075000000255000000255011110계약직000000255548413300075075075075000000255011110열람과011110참011110도서실000000255854813300000000000000000000255011110참도서실담당0111100110참도서관리1100110이용교육1100110도서관행사110000000025549491330000000000000000000025501111001110명000000255236681330000000000000000000025501177110011001문헌정보학전공자로11001211001급정사서자격증소지자011771100110이용교육담당경력및석사학위소지자1100110우대1100011771100110글1100110엑셀등퓨터활용사무업무가능자0010502105기본사항0105가1050105국가보훈대상자및장애인등록대상자는관련법에의거우대0105나1050105남자는병역필또는면제자0105다1050105사립학교교직원임용에결격사유가없는자0010503105전형방법10501105차서류심사105010502105차면접심사1050105면접대상자개별통보10500010504105제출서류0105가1050105이력서및자기소개서1050105자유양식1050105각10501105부0105나1050105학부및최종학교졸업1050105예정1050105증명서1050105성적증명서1050105각10501105부1050105필수1050105최종합격시원본제출10500105다1050105사서자격증사본10501105부0105라1050105경력1050105재직1050105증명서1050105해당자10501105부0010505105접수기간및접수처0105가1050105접수기간105020220428목1050090020220515105일10501800105까지01050105적격자선발시조기마감가능0105나1050105접수방법1050105이메일접수10500105다1050105면접일시1050105면접대상자개별통보0010506105지원자유의사항0105가1050105계약기간채용일로부터10501105년0105나1050105근무시간및급여는본대학규정에따름0105다1050105적격자가없을경우선발하지않을수있음0010507105채용서류반환에대지0105가10501050105채용절차의공정화에관법률1050105제105011105조1050105채용서류의반환등1050105에따라합격자를제외응시자는기제출채용서류에대해반환청구를할수있습니다1050010501105다만1050105동법제10507105조1050105전자우편등을통채용서류의접수1050105제10501105항에따라1050105전자우편1050105채용홈페이지로제출된서류나1050105응시자가덕성여자대학교의제출요구없이자발적으로제출경우에는반환하지않습니다1050010502105채용서류반환청구를하려는응시자는1050105채용절차의공정화에관법률시행규칙1050105제10503105조1050105채용서류의반환청구방법1050105에따라1050105별지제10503105호서식1050105의1050105채용서류반환청구서1050105를작성하여등기1050105일반우편접수불가1050105우편또는이메일1050105로제출하면1050105접수된날로부터105014105일이내에지정주소지로등기우편을통해발송해드립니다1050010503105최종합격자발표일로부터105014105일까지반환을청구하지아니할경우에는105010105주동안보관후1050105개인정보보호법1050105에따라지체없이채용서류일체를파기할예정입니다10500010508105문의처0105도서관열람과10500290182951029412
52,5569,16068096340902898662600
53,5568,0339205945422609101839제50회독서카페39책과께하는상상여행391도서전태일평전조영래개정판이여러번발간되었습니다도서관홈페이지에서검색되는도서들판사항이다를뿐같도서입니다2강사박우철교수아동가족학전공3일시527금143016302시간이내4장소도서관오스카라운지을통온라인특강동시진행0392코로나19상황에따라온라인특강으로만진행될수있습니다5대상학부생6모집인원대면특강30명비대면온라인특강200명0392대면으로신청할경우코로나19상황에따라비대면으로전환될수있습니다7신청방법비교과통합관리시스템비교과프로그램학습역량제50회독서카페책과께하는상상여행516516대면비대면온라인선택8신청기간513금0000526목09009신청문의도서관정기간행물실029018098제50회독서카페참여자대상39독후감공모39특강을들후39전태일평전39도서의독후감을제출학우중수상자를선발하여소정의상금을드립니다1참여대상제50회독서카페참여자2참여방법가원규격42매이상글자크기11줄간격150학과학번표시요망나독후감제출도서관정기간행물실이메일3참여기간2022528토202269목4시상내역수상자3명상금100000원5수상자발표2022615수예정6후원덕성여자대학교불교학생회덕불회7자세일정독서카페후도서관홈페이지를통해공지됩니다많참여랍니다대면강의안내특강1일전문자로안내비대면강의전환시개별연락강의시작20분전부터출석체크강의를처음부터끝까지수강해야출석인정및마일리지지급0392너무늦게도착하거나강의중간에나갈경우출석인정이되지않습니다0392독서카페전후로강의가있을경우에는신청후미리얘기하면시간조정가능합니다비대면강의온라인화상강의안내특강1일전문자로발송강의시작30분전부터접속가능출석체크신청시정확이름과학번학과로등록해야출석이확인됩니다강의진행강의진행중혹시스템상오류가있을경우로재접속하여강의를끝까지수강해야출석인정및마일리지지급0392너무늦게접속하거나강의수강시간이부족할경우출석인정이되지않습니다0392독서카페전후로강의가있을경우에는신청후미리얘기하면시간조정가능합니다프로그램만족도설문조사안내수강종료후반드시만족도조사에참여해야하며참여후운영자의이수처리결과에따라이수증마일리지전공선택관련비교과활동점수를발급받을수있습니다0392프로그램설문조사마감후에는설문에참여할수없으며이수증마일리지전공선택관련비교과활동점수가지급되지않습니다
54,5567,22어린이날휴관안내어린이날법정공휴일이므로도서관규정제20조에의거도서관전관휴관하오니이용에참하시기랍니다1일시202255목2제1자유열람실24시간열람실정상개관합니다202252도서관장
55,5566,0도서관무인대출기의노후화로인하여신규기기교체의사전작업을다음과같이진행하며0해당기간동안무인대출기의사용이중지되오니양해하여주시기랍니다0001작업내용도서관01층대출실무인대출기교체사전작업0002작업기간02022429금0090021000003기타0가0작업내용에따라서비스중지기간변동될수있습니다00나0대출02층대출카운터를이용하여주시기랍니다00004문의0도서관0029018295109400
56,5564,085079689488503226410385580377966139573455924632200535585580000001700000001706724053918791415101415100000001700000001700000001700나눔05나눔월이용교육신청링크000000028405391879141510141510000000170000000170000000170000503화0일반교육03434000000028405391879141510141510000000028000000170000000170000504수0일반교육033000000028405391879141510141510000000028000000170000000170000510화0일반교육0396396000000028405391879141510141510000000028000000170000000170000511수0일반교육03737000000028405391879141510141510000000028000000170000000170000513금0심화교육03434000000028405391879141510141510000000028000000170000000170000517화0일반교육03535000000028405391879141510141510000000028000000170000000170000518수0일반교육033000000028405391879141510141510000000028000000170000000170000524화0일반교육03030000000028405391879141510141510000000028000000170000000170000525수0심화교육033000000170405391821141510141510000000028000000170000000170000531화0일반교육034341017981이용교육안내174174
57,5563,764008745404489643001323033286571교육내용401이용방법도서관학술소개이용방법402리포트완전정복도서관학술정보활용법과연계리포트작성법2담당자누리미디어배승연주임3신청방법127212724교육일정00000000280000001700804121931415101415100000001700000001700000000280일자0000001700775821931415101415100000001700000000280000000280시간00000017001426721931415101415100000001700000000280000001700교육명00000002880412193141510141510000000170000000170000000028005월012일0000000287758219314151014151000000017000000002800000002800160000000002814267219314151014151000000017000000002800000017000이용방법000000002880412193141510141510000000028000000170000000028005월012일0000000287758219314151014151000000002800000002800000002800180000000002814267219314151014151000000002800000002800000017000이용방법000000002880412193141510141510000000028000000170000000028005월013일0000000287758219314151014151000000002800000002800000002800140000000002814267219314151014151000000002800000002800000017000리포트완전정복000000002880412193141510141510000000028000000170000000028005월013일0000000287758219314151014151000000002800000002800000002800160000000002814267219314151014151000000002800000002800000017000리포트완전정복000000002880412193141510141510000000028000000170000000028005월017일0000000287758219314151014151000000002800000002800000002800110000000002814267219314151014151000000002800000002800000017000이용방법000000002880412193141510141510000000028000000170000000028005월017일0000000287758219314151014151000000002800000002800000002800150000000002814267219314151014151000000002800000002800000017000이용방법000000002880412193141510141510000000028000000170000000028005월018일0000000287758219314151014151000000002800000002800000002800110000000002814267219314151014151000000002800000002800000017000리포트완전정복000000002880412193141510141510000000028000000170000000028005월018일0000000287758219314151014151000000002800000002800000002800150000000002814267219314151014151000000002800000002800000017000리포트완전정복000000002880412193141510141510000000028000000170000000028005월023일0000000287758219314151014151000000002800000002800000002800140000000002814267219314151014151000000002800000002800000017000이용방법000000002880412193141510141510000000028000000170000000028005월025일0000000287758219314151014151000000002800000002800000002800160000000002814267219314151014151000000002800000002800000017000리포트완전정복000000002880412193141510141510000000028000000170000000028005월025일0000000287758219314151014151000000002800000002800000002800180000000002814267219314151014151000000002800000002800000017000리포트완전정복000000002880412193141510141510000000028000000170000000028005월026일0000000287758219314151014151000000002800000002800000002800110000000002814267219314151014151000000002800000002800000017000리포트완전정복000000017080412174141510141510000000028000000170000000028005월026일0000001707758217414151014151000000002800000002800000002800150000000017014267217414151014151000000002800000002800000017000리포트완전정복01040361
58,5562,225월온라인이용교육20국어교육일정16116다양학술동영상자료를제공하는데이터베이스4016이용교육1640161내용전주제분야의학술비디오를조사하활용하는방법을소개40162일시2022년5월3일화오전10시오전10시45분40163신청330022432794505802958422432794505802958448325340000000545172570238929245188637753010592519049이용교육신청하기4016216음악및무용분야의다양학술자료를제공하는데이터베이스4016이용교육40161내용해당주제분야의학술자료를조사하활용하는방법을소개40162일시2022년5월3일화오후2시오후2시45분40163신청330022432815629366485022432815629366485048325340000000545172570238929245188637753010592519049이용교육신청하기4016316개인연구정보및참문헌서지관리도구를제공하는데이터베이스4016와께하는과제완성참문헌관리도구기이용교육40161내용참문헌관리도구를활용하여학부생이상이용자의과제해결40보서작성에필요기능과사용방법을안내40162일시2022년5월4일수오전10시오전11시40163신청330022432836596587346822432836596587346848325340000000545172570238929245188637753010592519049이용교육신청하기404016연구자를위이용교육40161내용참문헌관리도구를활용하여대학원생및연구자에게필요기능및사용방법40학술지투및학위논문에서의사용사례를안내40162일시2022년5월11일수오전10시오전11시40163신청330022432875248566718322432875248566718348325340000000545172570238929245188637753010592519049이용교육신청하기4016416학술지학위논문신문보서등다양학술자료제공하는데이터베이스4016에서가상화폐자료검색하기1640161내용가상화폐자료검색하활용하는방법을소개40162일시2022년5월4일수오후2시오후3시40163신청330022432844455664479522432844455664479548325340000000545172570238929245188637753010592519049이용교육신청하기401653916전자책비디오등의다양자료를제공하는데이터베이스401639과께비즈니스분야자기계발커리어계발컨텐츠찾기1640161내용소프트웨어퓨팅비지니스분야의자료를찾자기주도학습에활용하는방법을소개40162일시2022년5월18일수오전10시오전10시45분40163신청330022432853944333563522432853944333563548325340000000545172570238929245188637753010592519049이용교육신청하기4016616전자책자료를제공하는데이터베이스4016을활용하여주제분야전문도서찾기1640161내용전주제분야의전자책을1차자료를조사하활용하는방법을소개40162일시2022년5월25일수오전10시오전10시45분40163신청330022432858190542063622432858190542063648325340000000545172570238929245188637753010592519049이용교육신청하기4020영어교육일정164030401내용402교육형식403일시2022년5월9일월오전10시오전10시30분2022년5월16일월오전10시오전10시30분404신청403049415월9일월이용교육신청하기403049415월16일월이용교육신청하기
59,5561,0998294796512620687768785
60,5557,20997584976936816967
61,5554,2024시간열람실및휴게실개방안내도서관에서는코로나19사회적거리두기가해제됨에따라잠정휴관하였던열람실을점진적으로확대개방하여운영할계획입니다이와관련하여아래와같이학생들의원활중간사시험준비를위하여24시간열람실및휴게실을우선적으로개관하자하오니이용에참하시기랍니다1개관일20220420수2실명24시간열람실휴게실3유의사항가도서관개관시간평일9002100이외출입카페말로옆대학원출입구를이용하시기랍니다나제1자유열람실쪽철문지문인식으로만출입이가능하오니원활이용을위해사전등록해주시기랍니다다도서관건물내에서반드시마스크를착용하시이용하시기랍니다미착용시이용이제됩니다라열람실내음식및음료섭취를금지합니다마휴학생졸업생및타기관이용자는시험기간중열람실이용이불가합니다제1자유열람실이용률에따라추가개방예정사추후상황에따라공지내용변경될수있습니다문의도서관90180952022418도서관장
62,5552,12022대학라이선스퀴즈이벤트120이벤트기간및경품안내20기간4월22일금까지20경품스타벅스아메리카노모일쿠폰80명4월27일수모일을통개별발송20퀴즈페이지링크20504927319032331082203308901885
63,5551,20창학기념일휴관안내4월19일화창학기념일이므로도서관규정제20조에의거도서관전관휴관하오니이용에참하시기랍니다181휴관일시20220419화창학기념일182제1자유열람실및노트북존정상운영합니다제1자유열람실및노트북존운영안내100실명이용시간출입동선제1자유열람실126시22시12카페말로옆대학원출입문이용지문인식철문사용노트북존문의도서관901809520220412도서관장
64,5548,3880946945029592227558289163018이벤트페이지52385238
65,5547,22211841634569961798768767
66,5538,138671482197240836154
67,5535,7712049414963381223820675201교육내용100활용방법따라잡기01202교육일자2022331목1330170020301신청기간2022324목1000331목120020014신청방법22011500108529205교육일정10852910852900000002850000002555747907288214114114114100000019801301200331120목1200133017000000002555900528821411411411410000002550000000280130120구분200000025552770128821411411411410000002550000000280000000280130120내용0000002555702428821411411411410000002550000000280000000280130120강사0000002555417728821411411411410000002550000000280130120비0000000289005643814114114114100000025500000002801301200133012001200134020000000282770164381411411411410000002550000000280000000280130120인사말0130120교육프로그램안내0000000287024643814114114114100000025500000002800000002801301200000000028417764381411411411410000002550000000280130120010000000028900567211411411411410000000280000000280130120013401200120014102000000028201881344214114114114100000002800000002800000005602316913012001200120우수서포터즈가들려주는대학생1200120활용수기0000000567513672114114114114100000002800000005600000002802216413012000221641201300000120국내자료00000002870246721141141141141000000028000000028000000028025186130120정서인025186130120서포터즈000000028417767211411411411410000000280000000280120130120030000000028900567211411411411410000000280000000280130120014101200120014400000000287513672114114114114100000005600000005600000002802216413012000221641201300000120해외전자자료00000002870246721141141141141000000028000000028000000028025186130120황하빈025186130120서포터즈00000002841776721141141141141000000028000000028012013012003000000019890056721141141141141000000028000000028013012001440120012001520200000019827701672114114114114100000002800000002800000002802518613012001200120새로운서비스및내용소개02518613012001200120해외전자정보서비스개편페이지소개0251861301200알아두면좋1200120이용방법000000198702467211411411411410000000280000000280000000280251861301200025186120130120퓨쳐누리0000001984177672114114114114100000002800000002801201301200401036673
68,5534,005555003228291930700005555000055550018040012180000002200001000교육내용000도서관학술정보활용법과연계000리포트작성법0055550018040012180000002200000002000담당자000누리미디어곽현호대리000배승연주임0055550000165550018040012180000002200003000신청방법0000000001266000444126600165550018040012180000002200000004000교육일정000000028000000170765515521415101415100000000280000000280000000280일자000000170736615521415101415100000000280000000280000000280시간000000170966815521415101415100000000280000000280000000280교육명00000002876551552141510141510000000170000000028000000028004월01일0000000287366155214151014151000000017000000002800000002800150000000002896681552141510141510000000170000000028000000028090090리포트완전정복90000000002876551552141510141510000000028000000028000000028004월05일0000000287366155214151014151000000002800000002800000002800140000000002896681552141510141510000000028000000028000000028090090리포트완전정복90000000002876551552141510141510000000028000000028000000028004월05일0000000287366155214151014151000000002800000002800000002800160000000002896681552141510141510000000028000000028000000028090090리포트완전정복90000000002876551552141510141510000000028000000028000000028004월07일0000000287366155214151014151000000002800000002800000002800140000000002896681552141510141510000000028000000028000000028090090리포트완전정복90000000002876551552141510141510000000028000000028000000028004월07일0000000287366155214151014151000000002800000002800000002800170000000002896681552141510141510000000028000000028000000028090090리포트완전정복90000000002876551552141510141510000000028000000028000000028004월07일0000000287366155214151014151000000002800000002800000002800190000000002896681552141510141510000000028000000028000000028090090리포트완전정복90000000002876551552141510141510000000028000000028000000028004월012일0000000287366155214151014151000000002800000002800000002800110000000002896681552141510141510000000028000000028000000028090090리포트완전정복90000000002876551552141510141510000000028000000028000000028004월012일0000000287366155214151014151000000002800000002800000002800140000000002896681552141510141510000000028000000028000000028090090리포트완전정복90000000002876551552141510141510000000028000000028000000028004월012일0000000287366155214151014151000000002800000002800000002800170000000002896681552141510141510000000028000000028000000028090090리포트완전정복90000000002876551552141510141510000000028000000028000000028004월012일0000000287366155214151014151000000002800000002800000002800190000000002896681552141510141510000000028000000028000000028090090리포트완전정복90000000002876551552141510141510000000028000000028000000028004월015일0000000287366155214151014151000000002800000002800000002800110000000002896681552141510141510000000028000000028000000028090090리포트완전정복90000000002876551552141510141510000000028000000028000000028004월015일0000000287366155214151014151000000002800000002800000002800140000000002896681552141510141510000000028000000028000000028090090리포트완전정복90000000002876551552141510141510000000028000000028000000028004월015일0000000287366155214151014151000000002800000002800000002800160000000002896681552141510141510000000028000000028000000028090090리포트완전정복90000000002876551552141510141510000000028000000028000000028004월020일0000000287366155214151014151000000002800000002800000002800110000000002896681552141510141510000000028000000028000000028090090리포트완전정복90000000002876551552141510141510000000028000000028000000028004월020일0000000287366155214151014151000000002800000002800000002800140000000002896681552141510141510000000028000000028000000028090090리포트완전정복90000000002876551490141510141510000000028000000028000000028004월020일0000000287366149014151014151000000002800000002800000002800160000000002896681490141510141510000000028000000028000000028090090리포트완전정복9000055550014교육종료후참여자대상추첨과인증이벤트를통해경품을제공할예정입니다0055550014아이패드9세대641명애플워치1명문화상품권5000원100명
69,5532,안녕하세요도서관입니다2022학년도신학기를맞이하여제1회도서관사진공모를실시합니다응모자전원에비교과마일리지3점과전공선택활동점수50점가부여되며대상1명에게는20만원최우수상2명에게는각10만원우수상3명에게는각5만원의상금이지급됩니다응모는20220328월부터20220422금까지진행됩니다재학생여러분의많참여랍니다18815949903173238704576
70,5529,001채용분야및인원00000019800000019842741850075075075075000000198000000198000000198011110구분00000019854841850075075075075000000198000000198011110근무부서00000019885481850000000000000000000198000000198011110담당업무00000019849491850000000000000000000198000000198011110모집인원000000198236681850000000000000000000198000000198011110지원자격및우대사항000000198427413300075075075075000000198000000198011110계약직000000198548413300075075075075000000198011110열람과011110멀티011110미디어실000000198854813300000000000000000000198011110멀티미디어실011110운영1100110관리00000019849491330000000000000000000019801111001110명00000019823668133000000000000000000001980111100110학사학위이상소지자0111100110사서자격증소지자0111100110관련업무유경험자1100110우대11000111100110글1100110엑셀등퓨터활용사무업무가능자0110002기본사항0가0국가보훈대상자및장애인등록대상자는관련법에의거우대0나0남자는병역필또는면제자0다0사립학교교직원임용에결격사유가없는자0003계약기간0채용일로부터01년02022040004전형방법01차서류심사002차면접심사0면접대상자개별통보00005제출서류0가0이력서및자기소개서0자유양식0각01부0나0학부및최종학교졸업0예정0증명서0성적증명서0각01부0필수0최종합격시원본제출00다0사서자격증사본01부0라0경력0재직0증명서0해당자01부0006접수기간및접수처0가0접수기간020220322화0090020220331목01400까지00적격자선발시조기마감가능0나0접수방법0이메일접수00다0면접일시020224면접대상자개별통보00007지원자유의사항0가0근무기간채용일로부터01년0나0근무시간및급여는본대학규정에따름0다0적격자가없을경우선발하지않을수있음0008채용서류반환에대지0가00채용절차의공정화에관법률0제011조0채용서류의반환등0에따라합격자를제외응시자는기제출채용서류에대해반환청구를할수있습니다0001다만0동법제07조0전자우편등을통채용서류의접수0제01항에따라0전자우편0채용홈페이지로제출된서류나0응시자가덕성여자대학교의제출요구없이자발적으로제출경우에는반환하지않습니다0002채용서류반환청구를하려는응시자는0채용절차의공정화에관법률시행규칙0제03조0채용서류의반환청구방법0에따라0별지제03호서식0의0채용서류반환청구서0를작성하여등기0일반우편접수불가0우편또는이메일0로제출하면0접수된날로부터014일이내에지정주소지로등기우편을통해발송해드립니다0003최종합격자발표일로부터014일까지반환을청구하지아니할경우에는010주동안보관후0개인정보보호법0에따라지체없이채용서류일체를파기할예정입니다00009문의처0도서관열람과00290182951032401
71,5528,224월온라인이용교육16116학술지학위논문신문보서등다양학술자료제공하는데이터베이스4016기본이용교육넷플릭스헨테파이드와젠트리피케이션40161내용전주제분야에대다양학술자료를조사하활용하는방법을소개40162일시2022년4월5일화오전10시오전11시40163신청330022154147154890422822154147154890422848325340000000545172570238929245188637753010592519049이용교육신청하기4016216음악및무용분야의다양학술자료를제공하는데이터베이스4016이용교육40161내용해당주제분야의학술자료를조사하활용하는방법을소개40162일시2022년4월5일화오후2시오후2시45분40163신청330022154193589295993722154193589295993748325340000000545172570238929245188637753010592519049이용교육신청하기4016316심리학분야의다양학술자료를제공하는데이터베이스4016와께알아보는사이코패스의심리학40161내용해당주제분야의학술자료를조사하활용하는방법을소개40162일시2022년4월6일수오전10시오전10시45분40163신청330022154207991697086522154207991697086548325340000000545172570238929245188637753010592519049이용교육신청하기4016416개인연구정보및참문헌서지관리도구를제공하는데이터베이스4016와께하는과제완성참문헌관리도구기이용교육40161내용참문헌관리도구소개및사용방법안내40162일시2022년4월6일수오후2시오후3시40163신청330022154219461755310722154219461755310748325340000000545172570238929245188637753010592519049이용교육신청하기404016연구자를위이용교육40161내용투규정에맞는인용스타일적용방법및연구활동에서참문헌관리도구의사용예와이때사용되는기능에대해교육진행40162일시2022년4월20일수오전10시오전11시40163신청330022154237773876881522154237773876881548325340000000545172570238929245188637753010592519049이용교육신청하기4016516역사적으로가치있는연속간행물자료를제공하는데이터베이스4016연구자를위이용교육40161내용연구자를위인문사회정치및시사종교교육등주제분야의자료탐색방법소개40162일시2022년4월13일수오전10시오전10시45분40163신청330022154368282057533822154368282057533848325340000000545172570238929245188637753010592519049이용교육신청하기4016616미국판매거진자료를제공하는데이터베이스4016보그아카이브와께하는패션탐구생활40161내용매거진자료를조사하활용하는방법을소개40162일시2022년4월13일수오전10시오전10시45분40163신청330022154232376646488322154232376646488348325340000000545172570238929245188637753010592519049이용교육신청하기
72,5527,제1열람실조명테이블의배선연결공사진행을위해다음과제1열람실을임시로휴관하자하오니이용에참하시기랍니다1공사일시20220319토090021002공사대상도서관제1자유열람실3휴관사유제1열람실조명테이블배선연결공사실시4기타가공사기간중이용의불편을최소화하기위해노트북존의스터디룸을오픈하여임시로운영합니다나공사기간중소음이발생할수있음을양해해주시기랍니다2022317도서관장
73,5525,안녕하세요도서관에서실시하는비교과프로그램에대학생분들의의견을수렴하자수요조사를실시합니다예상소요시간약23분으로많참여부탁드립니다감사합니다1설문참여대상재학생2설문참여기간20220318202203313설문참여링크
74,5523,030198348292728719제49회독서카페39책과께하는상상여행391도서인간섬장지글러가말하는유럽의난민이야기장지글러갈라파스2강사김성진교수정치외교학과3일시328월180020002시간이내4장소도서관오스카라운지을통온라인특강동시진행0392코로나19상황에따라온라인특강으로만진행될수있습니다5대상학부생6모집인원대면특강40명비대면온라인특강200명0392대면으로신청할경우코로나19상황에따라비대면으로전환될수있습니다7신청방법비교과통합관리시스템비교과프로그램학습역량제49회독서카페책과께하는상상여행482482대면비대면온라인선택8신청기간316수0000325금09009신청문의도서관정기간행물실029018098제49회독서카페참여자대상39독후감공모39특강을들후39인간섬39도서의독후감을제출학우중수상자를선발하여소정의상금을드립니다1참여대상제49회독서카페참여자2참여방법가원규격42매이상글자크기11줄간격150학과학번표시요망나독후감제출도서관정기간행물실이메일3참여기간2022329화2022414목4시상내역수상자3명상금100000원5수상자발표2022420수예정6후원덕성여자대학교불교학생회덕불회7자세일정독서카페후도서관홈페이지를통해공지됩니다많참여랍니다대면강의안내대면특강신청시선착순개별안내강의시작20분전부터출석체크강의를처음부터끝까지수강해야출석인정및마일리지지급0392너무늦게도착하거나강의중간에나갈경우출석인정이되지않습니다비대면강의온라인화상강의안내특강1일전문자로발송강의시작30분전부터접속가능출석체크0392신청시정확이름과학번학과로등록해야출석이확인됩니다강의진행강의진행중혹시스템상오류가있을경우로재접속하여강의를끝까지수강해야출석인정및마일리지지급0392너무늦게접속하거나강의수강시간이부족할경우출석인정이되지않습니다프로그램만족도설문조사안내수강종료후반드시만족도조사에참여해야하며참여후운영자의이수처리결과에따라이수증마일리지전공선택관련비교과활동점수를발급받을수있습니다0392프로그램설문조사마감후에는설문에참여할수없으며이수증마일리지전공선택관련비교과활동점수가지급되지않습니다
75,5520,2022활용기교육1818201설명등재지논문검색202내용문서검색주제검색기관검색등연구자검색검색결과분석결과분석인용보서소개및20활용방법203일시2022년3월17일목오후2시204신청202212022이용교육신청하기20
76,5513,제20대대통령선거일법정공휴일로서도서관규정제20조에의거도서관전관휴관하오니이용에참하시기랍니다1일시202239수2자유열람실정상개관합니다1820223718도서관장
77,5512,18제31기도서관자율위원모집공도서관자유열람실의질서확립과쾌적면학분위기조성을위해2022학년도제31기도서관자율위원을다음과같이모집하자합니다1모집인원2명2임기202232023212개월3역할가자유열람실내질서유지를통면학분위기조성나이용자충사항의신속해결4특전학기당장학금300000원열람실전용석배정회의비지원등5선발방법자율위원지원신청서첨부파일참조내용을참로하여면접심사6모집기간2022년3월7일월3월11일금7지원자격본교재학생중23학년8신청접수도서관대출카운터로직접제출또는이메일로기간내송부9기타가문의사항029018095대출카운터로연락랍니다나위내용추후코로나19상황에따라변동될수있습니다202233도서관장
78,5509,2022학년도학부신입생을대상으로39차미리사평전39독후감공모를실시합니다대상1명에는100만원의장학금이지급되며응모자전원에비교과마일리지3점과전공선택활동점수50점가부여됩니다신입생여러분의많참여랍니다응모는추후비교과통합관리시스템을통해진행될예정입니다4260443585414828801260342604435854148288012603
79,5505,08204825845284753800271768747804653224469145609332745047471242234544043781818257115747022423546441985870716864141827471교육내용도서관학술소개이용방법2담당자누리미디어곽현호대리배승연주임3신청방법124212424교육일정0000001410000001417831317000004940004940000001410000001410000001410일자0000001417729017000004940004940000001410000001410시간00000014171987217000004940004940000001410000001410교육명0000001419983131700000494000494000000141000000141003월010일00000014199729017000004940004940000001410011000000001419919872170000049400049400000014100이용방법00000001419983131700000494000494000000141000000141003월010일00000014199729017000004940004940000001410014000000001419919872170000049400049400000014100이용방법00000001419983131700000494000494000000141000000141003월011일00000014199729017000004940004940000001410011000000001419919872170000049400049400000014100이용방법00000001419983131700000494000494000000141000000141003월011일00000014199729017000004940004940000001410014000000001419919872170000049400049400000014100이용방법00000001419983131700000494000494000000141000000141003월014일00000014199729017000004940004940000001410011000000001419919872170000049400049400000014100이용방법00000001419983131700000494000494000000141000000141003월014일00000014199729017000004940004940000001410014000000001419919872170000049400049400000014100이용방법00000001419983131700000494000494000000141000000141003월015일00000014199729017000004940004940000001410011000000001419919872170000049400049400000014100이용방법00000001419983131700000494000494000000141000000141003월016일00000014199729017000004940004940000001410017000000001419919872170000049400049400000014100이용방법00000001419983131700000494000494000000141000000141003월016일00000014199729017000004940004940000001410019000000001419919872170000049400049400000014100이용방법00000001419983131700000494000494000000141000000141003월021일00000014199729017000004940004940000001410015000000001419919872170000049400049400000014100이용방법00000001419983131700000494000494000000141000000141003월021일00000014199729017000004940004940000001410017000000001419919872170000049400049400000014100이용방법00000001419983131700000494000494000000141000000141003월024일00000014199729017000004940004940000001410015000000001419919872170000049400049400000014100이용방법00000001419983131700000494000494000000141000000141003월024일00000014199729017000004940004940000001410017000000001419919872170000049400049400000014100이용방법00000001419983131700000494000494000000141000000141003월025일00000014199729017000004940004940000001410015000000001419919872170000049400049400000014100이용방법00000001419983131700000494000494000000141000000141003월025일00000014199729017000004940004940000001410017000000001419919872170000049400049400000014100이용방법00000001419983131700000494000494000000141000000141003월029일00000014199729017000004940004940000001410015000000001419919872170000049400049400000014100이용방법00000001419983131700000494000494000000141000000141003월029일00000014199729017000004940004940000001410017000000001419919872170000049400049400000014100이용방법00000001419983131700000494000494000000141000000141003월029일00000014199729017000004940004940000001410019000000001419919872170000049400049400000014100이용방법00000001419983131700000494000494000000141000000141003월030일00000014199729017000004940004940000001410011000000001419919872170000049400049400000014100이용방법00000001419983131700000494000494000000141000000141003월030일00000014199729017000004940004940000001410014000000001419919872170000049400049400000014100이용방법0교육종료후참여자대상추첨을통해경품을제공할예정입니다아이패드9세대641명애플워치1명문화상품권5000원100명
80,5502,11와께하는과제완성참문헌관리도구기이용교육설명참문헌관리도구소개및사용방법교육일자및시간202203081000110056051045378434648953이용교육신청하기2연구자를위이용교육설명참문헌관리도구소개및사용방법교육일자및시간2022031610001100330000121952516117447109548325340000000545172570238929245188637753010592519049이용교육신청하기2전주제분야학술동영상자료탐색설명다양학술동영상자료를제공하는데이터베이스전주제분야학술동영상자료조사및활용방법소개교육일자및시간202203151400144560383496292843265021이용교육신청하기3그때그사건에서찾아보기설명역사적으로가치있는연속간행물자료를제공하는데이터베이스인문사회정치시사종교교육등의주제분야자료조사방법소개교육일자및시간2022032310001045051365878437832513300이용교육신청하기
81,5501,4510039649309558014797957035874333204931684004001954354381808577134004000000000280000000280283352414141510141510000000028000000028000000028011003110월이용교육신청링크0000000280283352414141510141510000000028000000028000000028011004110월이용교육신청링크0000000282833519078141510141510000000028000000028000000028000303목0일반교육03434000308화0일반교육03838000311금0일반교육03838000315화0심화교육033753375000316수0일반교육033000317목0일반교육033000322화0일반교육03535000323수0심화교육033743374000329화0일반교육033000331목0일반교육03953950000000282833519078141510141510000000028000000028000000028000405화0일반교육033000406수0심화교육03030000412화0일반교육0337337000413수0일반교육03939000414목0심화교육0342342000419화0일반교육03030000422금0일반교육03434000427수0일반교육033000428목0심화교육0312531251018356이용교육안내174174
82,5500,002022학년도01학기도서관자료실및열람실운영시간을다음과같이안내하오니이용에참하여주시기랍니다00001기간202232수00002대상및개관시간0000000562000000056329233000010010010010000000560000000560000000561100층20000000561326633000010010010010000000560000000560000000561100실명20000000561281016500010010010010000000560000000561100학기중20000000561326616500010010010010000000560000000561100방학중000000056640516500010010010010000000561100평일000000056640516500010010010010000000561100토요일000000056640516500010010010010000000561100평일000000056686116500010010010010000000561100토요일9000000056329214085001001001001000000056000000056110003100층0000000561326615650010010010010000000562100참도서실500000005664057825001001001001000000056000000056110009100시100021100시5000000056640578250010010010010000000560000000561100휴관500000005664057825001001001001000000056000000056110009100시100017100시5000000056686178250010010010010000000560000000561100휴관0000000561326615650010010010010000000562100정기간행물실0000000561326615650010010010010000000562100테라피존0000000561326615650010010010010000000562100스터디룸100080000000561326615650010010010010000000562100노트북존0000000561326615650010010010010000000562100제10001100자유열람실4000000056260761565001001001001000000056000000056000000056110006100시100022100시0000000561326615650010010010010000000562100제10002100자유열람실430000000562607646950010010010010000000560000000561100휴관0000000561326615650010010010010000000562100노트북실0000000561326615650010010010010000000562100024100시간열람실1000100휴게실400000005632927260001001001001000000056000000056110002100층0000000561326625650010010010010000000562100021000100오스카라운지1000100스터디룸1000600000005664052565001001001001000000056000000056000000056110009100시100019100시000000056640525650010010010010000000560000000561100휴관00000005664052565001001001001000000056000000056110009100시100017100시000000056686125650010010010010000000560000000561100휴관0000000561326615650010010010010000000560000000562100대출카운터600000005664059390001001001001000000056000000056000000056110009100시100021100시6000000056640593900010010010010000000560000000560000000561100휴관600000005664059390001001001001000000056000000056000000056110009100시100017100시6000000056686193900010010010010000000560000000560000000561100휴관0000000561326615650010010010010000000562100멀티미디어실0000000561326615650010010010010000000562100스터디룸10005100세미나실300000005632924695001001001001000000056000000056110001100층0000000561326615650010010010010000000562100일반도서실0000000561326615650010010010010000000562100스터디룸100090000000561326615650010010010010000000562100정기간행물서103857400폐관시간030분전부터대출0반납및퓨터이용마감00도서관정문출입구0플랭크0오스카라운지출입구사용가능00도서관폐관후03층열람구역이용카페말로옆계단이용0003자유열람실이용안내0가0제01자유열람실001연중운영시간내00600220000카페말로옆출입구02층00계단0제01자유열람실출입게이트03층0002도서관개관시간내0평일00900210000도서관정문02층00중앙마당0중정000외부문0계단00노트북존03층00휴게실옆철문0제01자유열람실출입게이트0나0노트북존0전자사물001연중운영시간내00600220000카페말로옆출입구02층00계단0철문03층0002도서관개관시간내0평일0090021000007도서관정문07207층070707중앙마당0707중정07070707외부문0707계단0707노트북존07307층070003층노트북존0스마트스터디룸도서관개관시간내이용이가능합니다00004기타032239가0도서관건물내에서반드시마스크및출입팔찌를착용하시미착용시이용이제됩니다00나0도서관출입구와열람실입구에비치된소독티슈와손소독제를이용합니다00다0도서관내에서는반드시이용자간의거리두기를실천합니다0031236라0도서관제02열람실및024시열람실운영향후코로나019상황에따라추가적으로운영할예정입니다0000150020222230150도서관장1052324
83,5499,삼일절법정공휴일이므로도서관규정제20조에의거도서관전관휴관하오니이용에참하시기랍니다1일시202231화2자유열람실정상개관합니다24202222224도서관장
84,5496,958800544242110795768768안녕하세요국무조정실청년정책조정실에서제작392022꼭알아야할청년정책39자료배포에대해안내드립니다청년에게필요정책을눈에볼수있도록구직과창업을준비하는청년중소기업취업중인청년주거지원이필요청년목돈을쌓싶청년교육지원이필요청년문화생활지원이필요청년이라는6가지분야로나누어각분류별4가지총24개정책지원제도를담았습니다홍보물온라인청년센터및청년포털에서내려받으실수있으며2층대출카운터에도비치하있으니많이용랍니다감사합니다자료내려받기34452110온라인청년센터2030청년포털알소식보도자료에서확인문의사항국무조정실청년정책조정실0442006335
85,5495,도서관사서과계약직채용을위하여다음과같이공합니다1채용분야및인원202202202202202202041541272272기본사항가국가보훈대상자및장애인등록대상자는관련법에의거우대나남자는병역필또는면제자다사립학교교직원임용에결격사유가없는자3계약기간20220301202302281년근무성적에따라1년연장가능4전형방법1차서류심사2차면접심사면접대상자개별통보5제출서류가이력서사진첨부및자기소개서나학부및최종학교졸업예정증명서성적증명서각1부다사서자격증사본1부라경력재직증명서1부마개인정보이용수집동의서첨부파일접수기간내상기서류일체를이메일로제출하여접수하며이메일로제출하는경우최종합격자는서류원본을제출해야6접수기간및접수처가접수기간20220204금20220217목적격자선발시조기마감가능나접수방법이메일접수다면접일시면접대상자개별통보7지원자유의사항가근무시간및급여는본대학규정에따름나적격자가없을경우선발하지않을수있음다지원서및제출된서류가사실과다를경우임용이취소될수있음라임용후라도지원자격에미달되는사실이발견되는경우임용이취소될수있음8문의처도서관사서과029018099채용서류반환에대지가채용절차의공정화에관법률제11조채용서류의반환등에따라합격자를제외응시자는기제출채용서류에대해반환청구를할수있습니다1다만동법제7조전자우편등을통채용서류의접수제1항에따라전자우편채용홈페이지로제출된서류나응시자가덕성여자대학교의제출요구없이자발적으로제출경우에는반환하지않습니다2채용서류반환청구를하려는응시자는채용절차의공정화에관법률시행규칙제3조채용서류의반환청구방법에따라별지제3호서식의채용서류반환청구서를작성하여등기일반우편접수불가우편또는이메일로제출하면접수된날로부터14일이내에지정주소지로등기우편을통해발송해드립니다3최종합격자발표일로부터14일까지반환을청구하지아니할경우에는10주동안보관후개인정보보호법에따라지체없이채용서류일체를파기할예정입니다
86,5494,0체도서관사서과체0체열람과사무조교채용을위하여다음과같이공합니다체000체01체채용분야및인원00000002800000002888835791848141510141510000000028000000028000000028014체05구분00000002888892391848141510141510000000028000000028000000028014체05근무부서00000002888881071848141510141510000000028000000028000000028014체05담당업무00000002888852771848141510141510000000028000000028000000028014체05모집인원000000028888140501848141510141510000000028000000028000000028014체05지원자격및우대사항200000002835798814141510141510000000028000000028000000028014체05사무014체05조교00000002892394014141510141510000000028000000028000000028014체10사서과0체14133333수서체14133333정리실00000002881074014141510141510000000028000000028000000028014체05기증도서관리014체05체05등록체05200000002852778814141510141510000000028000000028000000028014체05각체051체05명2000000028140508814141510141510000000028000000028000000028014체05체05학사학위이상소지자014체05체05정사서체052체05급자격증소지자014체05체05관련업무유경험자체05체05우대체05014체05체05글체05체05엑셀등퓨터활용014체05사무업무가능자00000002892394800141510141510000000028000000028000000028014체10열람과체10참체10정체10기간행물실00000002881074800141510141510000000028000000028000000028014체05이용자서비스014체05및야간열람체051421체05시체0510195820체02체기본사항0체0체국가보훈대상자및장애인등록대상자는관련법에의거우대0체0체남자는병역필또는면제자0체0체사립학교교직원임용에결격사유가없는자00체03체계약기간체0체채용일로부터체01체년00체04체전형방법체01체차서류심사체0체02체차면접심사체0체면접대상자개별통보체000체05체제출서류0체가체0체이력서체0체자기소개서및개인정보이용수집동의서체0체필수체00체나체0체학부및최종학교졸업체0체예정체0체증명서체0체성적증명서체10체10각체101체10부체10체10필수체10체10최종합격시원본제출체100체다체0체사서자격증사본체01체부체0체필수체00체라체0체경력체0체재직체0체증명서체01체부체0체해당자필수체000체06체접수기간및접수처0체가체0체접수기간체020220203체목체01500체채용시까지체0체적격자선발시조기마감가능체00체나체0체접수방법체0체이메일접수체00체다체0체면접일시체0체면접대상자개별통보00체07체지원자유의사항00체가체0체근무기간채용일로부터체01체년0체나체0체근무시간및급여는본대학규정에따름0체다체0체적격자가없을경우선발하지않을수있음0체라체0체지원서및제출된서류가사실과다를경우임용이취소될수있음0체마체0체임용후라도지원자격에미달되는사실이발견되는경우임용이취소될수있음00체08체채용서류반환에대지0체가체0체0체채용절차의공정화에관법률체0체제체011체조체0체채용서류의반환등체0체에따라합격자를제외응시자는기제출채용서류에대해반환청구를할수있습니다체00체01체다만체0체동법제체07체조체0체전자우편등을통채용서류의접수체0체제체01체항에따라체0체전자우편체0체채용홈페이지로제출된서류나체0체응시자가덕성여자대학교의제출요구없이자발적으로제출경우에는반환하지않습니다체00체02체채용서류반환청구를하려는응시자는체0체채용절차의공정화에관법률시행규칙체0체제체03체조체0체채용서류의반환청구방법체0체에따라체0체별지제체03체호서식체0체의체0체채용서류반환청구서체0체를작성하여등기체0체일반우편접수불가체0체우편또는이메일체0체로제출하면체0체접수된날로부터체014체일이내에지정주소지로등기우편을통해발송해드립니다체00체03체최종합격자발표일로부터체014체일까지반환을청구하지아니할경우에는체010체주동안보관후체0체개인정보보호법체0체에따라지체없이채용서류일체를파기할예정입니다체000체09체문의처체0체도서관사서과체00290180991018409
87,5493,설연휴는법정공휴일이므로도서관규정제20조에의거도서관전관휴관하오니이용에참하시기랍니다1일시2022131월22수설연휴2대상도서관전관열람실포18202212818도서관장
88,5488,1138588299009919700700코로나19관계로별도의시상식진행하지않으며수상작도서관홈페이지유튜브페이스북인스타그램에게시됩니다참가하신모든분들수많으셨습니다감사합니다
89,5484,0000020220124월134000000안녕하세요도서관멀티미디어실입니다00000많분들의관심과참여로해당이벤트참여신청공지된신청기간보다일찍마감하게되었습니다00000참여신청예정이셨던분들의많양해부탁드리며해당이벤트에관심을가져주신모든분들께감사인사드립니다00000앞으로도도서관에많관심과이용부탁드립니다감사합니다000와이즈인퍼니에서0빅데이터분석기사0자격증시험온라인강의수강권과교재증정이벤트를진행합니다000빅데이터분석기사0자격증에관심있는분들의많관심과참여랍니다00346347빅데이터분석기사자격증온라인강의수강권및교재증정이벤트신청대상덕성여대재학생20명선착순빅데이터분석기사에관심이있거나관련자격증시험준비를하있는재학생으로강의수강후개인또는블로그에강의수강후기를작성할수있는자신청기간2022124월23목신청방법아래링크에접속하여참여신청346347관련문의도서관멀티미디어실9018144빅데이터분석기사자격증시험온라인강의수강권및필기실기교재제공정가100만원상당온라인강의수강기간2022년2월중순5월중순3개월관련교재는도서관에직접방문하여수령가능합니다당첨자발표는29수개별연락예정입니다해당이벤트는업체사정에따라변경또는취소될수있습니다466778148478487130704768768106518위에이미지를클릭하면이벤트참여신청페이지가열립니다0392신청기간내에링크접속가능
90,5483,0020211220월0부터실시되었던도서관방역패스가교육부지침에따라해제되어아래와같이도서관운영을변경하오니이용에참랍니다0001시행일020220119수00002전관개관시간009시017시0열람실포00003출입구변경000000028000000028178642821415101415100000000280000000280000000280방역패스해제전000000028178642821415101415100000000280000000280000000280방역패스해제후000000028178642821415101415100000000280000000280000000280도서관정문0000000281786428214151014151000000002800000002800000002805138002도서관정문0202플랭크0205138002카페말로위층지문인식출입문0004기타031230가0코로나변동사항이심하여방학중에는02열람실만운영하오니양해랍니다0031230나0도서관건물내에서는반드시마스크및출입팔찌0또는방역스티커0를착용하시미착용시이용이제됩니다00다0도서관출입구와열람실입구에비치된소독티슈와손소독제를이용합니다00라0도서관내에서는반드시이용자간의거리두기를실천합니다00마0정부의방역지침변경시추후상황변동될수있습니다01018382
91,5481,0도서관열람과계약직원채용을위하여다음과같이공합니다00001채용분야및인원000000028000000028499426971415101415100000000280000000280000000280구분000000028697526971415101415100000000280000000280000000280근무부서000000028839026971415101415100000000280000000280000000280담당업무000000028697526971415101415100000000280000000280000000280모집인원0000000281405026971415101415100000000280000000280000000280지원자격및우대사항000000028499494891415101415100000000280000000280000000280계약직000000028697594891415101415100000000280000000280000000280열람과0일반도서실000000028839094891415101415100000000280000000280000000280일반도서실및0자유열람실관리00000002869759489141510141510000000028000000028000000028001명00000002814050948914151014151000000002800000002800000002804년제문헌정보학과졸업02급정사서자격증소지0관련업무유경험자0우대0001글01엑셀등퓨터활용사무업무가능자0002기본사항0가0국가보훈대상자및장애인등록대상자는관련법에의거우대0나0남자는병역필또는면제자0다0사립학교교직원임용에결격사유가없는자0003계약기간0채용일로부터01년0004전형방법01차서류심사002차면접심사0면접대상자개별통보00005제출서류0가0이력서및자기소개서0자유양식0각01부0나0학부및최종학교졸업0예정0증명서0성적증명서0각01부0필수0최종합격시원본제출00다0사서자격증사본01부0라0경력0재직0증명서0해당자01부0006접수기간및접수처0가0접수기간02022112수0090020220126수01700까지00적격자선발시조기마감가능0나0접수방법0이메일접수00다0면접일0면접대상자개별통보0007지원자유의사항0가0근무기간채용일로부터01년0나0근무시간및급여는본대학규정에따름0다0적격자가없을경우선발하지않을수있음00008채용서류반환에대지033245가00채용절차의공정화에관법률0제011조0채용서류의반환등0에따라합격자를제외응시자는기제출채용서류에대해반환청구를할수있습니다003727601다만0동법제07조0전자우편등을통채용서류의접수0제01항에따라0전자우편0채용홈페이지로제출된서류나0응시자가덕성여자대학교의제출요구없이자발적으로제출경우에는반환하지않습니다003627202채용서류반환청구를하려는응시자는0채용절차의공정화에관법률시행규칙0제03조0채용서류의반환청구방법0에따라0별지제03호서식0의0채용서류반환청구서0를작성하여등기0일반우편접수불가0우편또는이메일0로제출하면0접수된날로부터014일이내에지정주소지로등기우편을통해발송해드립니다003727503최종합격자발표일로부터014일까지반환을청구하지아니할경우에는010주동안보관후0개인정보보호법0에따라지체없이채용서류일체를파기할예정입니다00009문의처0도서관열람과00290182951029794
92,5478,북트레일러는39영화예편처럼제작된책의예편39선정도서39코로나이후생존도시만능백신없다39를읽나만의스토리텔링을녹여북트레일러제작후로영상물제출1084768188088990991358008488700700공모명2021년제3회도서관북트레일러창작공모선정도서코로나이후생존도시만능백신없다저자홍철접수기간39211227월20220117월오전9시참가대상재학생학부생대학원생참가형식개인참가자세사항비교과통합관리스시템에서확인하실수있습니다467467
93,5470,안녕하세요덕성여대도서관입니다전자가다음과같사유로접속이일시중지될예정이오니이용자여러분의많양해랍니다1접속중지명가나다라마2접속중지기간2022116일120020008시간3사유시스템업그레이드및보안점검실시4문의도서관029018295
94,5462,0도서관열람과계약직원채용을위하여다음과같이공합니다00001채용분야및인원00000002800000002844282821415101415100000000280000000280000000280구분00000002861262821415101415100000000280000000280000000280근무부서00000002883902821415101415100000000280000000280000000280담당업무00000002852772821415101415100000000280000000280000000280모집인원000000028177292821415101415100000000280000000280000000280지원자격및우대사항000000028442884541415101415100000000280000000280000000280130계약직000000028612684541415101415100000000280000000280000000280130열람과일반도서실000000028839084541415101415100000000280000000280000000280130일반도서실및자유열람실관리00000002852778454141510141510000000028000000028000000028013001명000000028177298454141510141510000000028000000028000000028004년제문헌정보학과졸업002급정사서자격증소지자00관련업무유경험자0우대000글0엑셀등퓨터활용사무업무가능자0002기본사항00국가보훈대상자및장애인등록대상자는관련법에의거우대00남자는병역필또는면제자00사립학교교직원임용에결격사유가없는자0003계약기간0채용일로부터01년0004전형방법01차서류심사002차면접심사0면접대상자개별통보00005제출서류0가0이력서및자기소개서0자유양식0각01부0나0학부및최종학교졸업0예정0증명서0성적증명서0각01부0필수0최종합격시원본제출00다0사서자격증사본01부0라0경력0재직0증명서0해당자01부0006접수기간및접수처0가0접수기간020211227월0090020220110월01400까지00적격자선발시조기마감가능0나0접수방법0이메일접수00다0면접일0면접대상자개별통보0007지원자유의사항0가0근무기간채용일로부터01년0나0근무시간및급여는본대학규정에따름0다0적격자가없을경우선발하지않을수있음0008채용서류반환에대지0가00채용절차의공정화에관법률0제011조0채용서류의반환등0에따라합격자를제외응시자는기제출채용서류에대해반환청구를할수있습니다00001다만0동법제07조0전자우편등을통채용서류의접수0제01항에따라0전자우편0채용홈페이지로제출된서류나0응시자가덕성여자대학교의제출요구없이자발적으로제출경우에는반환하지않습니다00002채용서류반환청구를하려는응시자는0채용절차의공정화에관법률시행규칙0제03조0채용서류의반환청구방법0에따라0별지제03호서식0의0채용서류반환청구서0를작성하여등기0일반우편접수불가0우편또는이메일0로제출하면0접수된날로부터014일이내에지정주소지로등기우편을통해발송해드립니다00003최종합격자발표일로부터014일까지반환을청구하지아니할경우에는010주동안보관후0개인정보보호법0에따라지체없이채용서류일체를파기할예정입니다00009문의처0도서관열람과00290182951027877
95,5460,020282974529456424229408768768
96,5459,850425914728645276091505768768
97,5458,0170도서관방역패스적용안내1067210코로나019특별방역대책에의해도서관이방역패스의무적용시설로지정되어다음과같이방역패스를시행하자합니다0아울러제01자유열람실에서는건물구조상현방역패스를시행하기어려운문제들이있어안타깝게도제02자유열람실로임시변경하여운영하오니너그러우신양해를부탁드립니다001방역패스란000코로나이러스감염증019중앙사수습본부0의020211203자공문에따라코로나백신접종완료자혹음성확인자만도서관을이용할수있게되어도서관정문에서확인절차를거쳐출입가능002적용기간020211220월0별도해제시까지003방역패스대상별증빙서류및유효기간000000028000000028000654121941415101415100000000280000000280000000280대상자0000000280001168621941415101415100000000280000000280000000280유효기간0000000280001378221941415101415100000000280000000280000000280증빙서류0000000280001559621941415101415100000000280000000280000000280발급방법30000000286541660314151014151000000002800000002800000002800000접종0000완료자300000002811686660314151014151000000002800000002800000002800000020000차접종후00000140000일000001800000일000000000030000차접종후즉시00000002813782220114151014151000000002800000002800000002800000010000전자증명서00000002815596220114151014151000000002800000002800000002800앱0전자출입명부00000002813782220114151014151000000002800000002800000002800000020000종이증명서0000000281559622011415101415100000000280000000280000000280접종기관또는전국보건소00000002813782220114151014151000000002800000002800000002800000030000예방접종스티커0000000281559622011415101415100000000280000000280000000280행정복지센터2000000028654144121415101415100000000280000000280000000280완치자20000000281168644121415101415100000000280000000280000000280격리해제일0180일000000028137822206141510141510000000028000000028000000028001종이증명서0000000281559622061415101415100000000280000000280000000280격리관할보건소000000028137822206141510141510000000028000000028000000028002전자증명서00000002815596220614151014151000000002800000002800000002800앱0전자출입명부3000000028654171601415101415100000000280000000280000000280000000000음성0000확인자300000002811686716014151014151000000002800000002800000002800000결과통보시점부터00000480000시간이되는날자정00000002813782220414151014151000000002800000002800000002800000010000음성확인문자0000000281559622041415101415100000000280000000280000000280보건소또는검사의료기관00000002813782220414151014151000000002800000002800000002800000020000종이증명서0000000281559622041415101415100000000280000000280000000280보건소또는검사의료기관00000002813782275214151014151000000002800000002800000002800000030000전자증명서00000002815596275214151014151000000002800000002800000002800앱0전자출입명부2000000028654162371415101415100000000280000000280000000280예외자20000000281168662371415101415100000000280000000280000000280기없음00000002813782385614151014151000000002800000002800000002800105접종증명0505음성확인제005예외확인서0000000281559638561415101415100000000280000000280000000280전국보건소000000028137822381141510141510000000028000000028000000028002전자증명서00000002815596238114151014151000000002800000002800000002800앱0전자출입명부00출입구단일화로0000000000020000000000층도서관정문만출입이가능합니다00본인확인을위하여00000000000신분증을꼭지참하시기랍니다0004열람실변경0가0000000제00000001000000자유열람실0000000000000제00000002000000자유열람실로변경0나0자유열람실이용시간0000000280000000280001929116601415101415100000000280000000280000000280기간0000000280001399216601415101415100000000280000000280000000280제02자유열람실0000000280001431316601415101415100000000280000000280000000280노트북존0000000281929116601415101415100000000280000000280000000280020211220월020211221화00000000281399216601415101415100000000280000000280000000280평일0090021000000000281431316601415101415100000000280000000280000000280평일0090021000000000281929116611415101415100000000280000000280000000280020211222수00000000281399216611415101415100000000280000000280000000280평일0090017000000000281431316611415101415100000000280000000280000000280평일0090017000001222수0이후토0일0공휴일휴관합니다00다0열람실출입동선0도서관정문02층00중앙마당0중정000외부문0계단0제02자유열람실03층00노트북존03층0005유의사항0가0도서관건물출입시반드시위증명을마친후이용이가능합니다00나0도서관내에서반드시마스크및출입팔찌를착용하시미착용시이용이제됩니다00다0도서관출입구와열람실입구에비치된소독티슈와손소독제를이용합니다00라0도서관내에서는반드시이용자간의거리두기를실천합니다00마0추후상황에따라공지내용변동될수있습니다0000붙임02021년단계적일상회복다중이용시설기본방역수칙0도서관0000202112150도서관장1053963
98,5457,47886499314953768768
99,5455,000006497034458868364017306849600000062835008749828157157322188496000000000012400444444220000110000000국사회과학데이터센터에서00070000110000000202100070000110000000활용사례공모전000700001100000000110000000을진행합니다0000124004444442200110000000의자료및기능을번이라도사용경험이있다면누구든지신청가능합니다0000124004444442200110000000여러분의많관심과참여부탁드립니다0000000012400444444220000110000000070000110000000신청기간011000000020211201수1231금1800까지0000000012400444444220000110000000070000110000000신청대상0110000000사용경험이있는이용자누구나0000000012400444444220000110000000070000110000000결과발표011000000020220114금0000124004444442200001100000000110000000홈페이지011000000001100000000110000000메뉴01100000000110000000공지사항게시판에게시될예정입니다0000000012400444444220013333300110000000070000110000000상품011000000000000001466670총상금150만원상당의신세계상품권00001240044444422001333330011000000000000001466670상금시상내역별로차등지급이될예정입니다0000000012400444444220000110000000070000110000000신청방법00001240044444422001100000001단계참가신청서작성0110000000참가신청서18757001000011000000018757011000001240044444422001100000002단계증빙자료제출000012400444444220000110000000증빙자료는메일16400444444220000012400444444220000110000000로제출0000124004444442200110000000파일명신청자성공모분야로작성0000000012400444444220000110000000070000110000000관련문의0110000000024609464
